artist_name,track_name,popularity,acousticness,danceability,energy,instrumentalness,key,liveness,loudness,mode,speechiness,tempo,valence
Yellow Claw,Beastmode - Bellorum Remix,38,0.0003,0.662,0.958,0.266,C#,0.653,-3.066,Major,0.0488,160.016,0.506
Wiz Khalifa,Let It Go - feat. Akon,50,0.35,0.564,0.902,0,D,0.307,-4.142,Major,0.14,141.099,0.444
Zac Brown Band,Remedy,51,0.0894,0.612,0.735,0,D#,0.115,-5.305,Major,0.038,93.015,0.298
OneRepublic,Start Again (feat. Logic),75,0.162,0.564,0.722,0,C#,0.0931,-5.59,Minor,0.124,99.083,0.276
Jidenna,Classic Man - Remix,54,0.119,0.851,0.657,0,D,0.0743,-5.161,Major,0.0559,94.036,0.644
The Seeds,Mr. Farmer,31,0.0012,0.525,0.473,0.755,G#,0.0854,-14.971,Major,0.0555,125.87,0.723
Twenty One Pilots,Leave The City,70,0.726,0.506,0.379,0.0046,E,0.0956,-11.64,Minor,0.0334,134.985,0.299
Abstract,Im Good (feat. Roze & Drumma Battalion),64,0.0881,0.638,0.541,0,D,0.205,-10.4,Major,0.258,78.964,0.301
Jimmy Durante,Black Strap Molasses - Remastered,1,0.653,0.765,0.412,0,G#,0.258,-7.473,Major,0.28,76.182,0.932
Fazıl Say,"Say: Troy Sonata, Op. 78: III. Heroes of Troy",38,0.991,0.356,0.351,0.871,C#,0.0955,-17.689,Minor,0.0275,110.197,0.33
Johnny Cash,Bridge Over Troubled Water,50,0.912,0.389,0.317,0.0173,F,0.091,-9.042,Major,0.0255,83.421,0.266
Bart & Baker,J'ai rendez vous avec mon âme (feat. Clémentine),34,0.0263,0.752,0.722,0.004,C,0.0644,-7.507,Minor,0.207,119.834,0.557
Anton Bruckner,"Symphony No. 8: IV. Finale. Feierlich, nicht schnell (Solemn, not fast)",23,0.92,0.106,0.0858,0.932,C#,0.684,-19.021,Major,0.0421,78.116,0.0378
Dean Martin,"Hey Brother, Pour The Wine",41,0.932,0.482,0.326,0,C,0.11,-10.664,Major,0.0382,116.315,0.479
Euge Groove,Rain Down On Me (feat. Peter White),29,0.583,0.469,0.467,0.68,C,0.185,-6.471,Major,0.0411,72.04,0.131
Big Brother & The Holding Company,Farewell Song - Take 7,33,0.381,0.513,0.638,0.0002,A#,0.314,-10.739,Major,0.209,131.547,0.586
Duskus,Find You,51,0.445,0.518,0.542,0.0007,C,0.0827,-8.701,Major,0.0426,104.969,0.133
Wale,The Body (feat. Jeremih),54,0.0774,0.493,0.542,0,A,0.239,-8.016,Major,0.076,109.399,0.172
David Holmes,Planting the Seed,29,0.151,0.735,0.595,0.846,A#,0.173,-14.142,Minor,0.0605,108.042,0.644
Carnage,Toca (feat. Timmy Trumpet & KSHMR),60,0.0057,0.851,0.462,0.816,D,0.0446,-5.463,Major,0.163,128.032,0.185
John Philip Sousa,Chris and the Wonderful Lamp (Excerpt Transcr. for Cornet & Wind Band),0,0.993,0.184,0.0162,0.867,G#,0.118,-28.418,Major,0.0437,83.465,0.357
Blur,Song 2 - 2012 Remastered Version,76,0.0018,0.674,0.789,0.0071,G#,0.0754,-6.903,Major,0.0676,129.804,0.918
Tortoise,The Equator,33,0.157,0.615,0.345,0.85,G,0.0787,-14.166,Minor,0.262,197.997,0.875
Rachel Wammack,Damage,50,0.439,0.544,0.3,0,D,0.113,-7.395,Major,0.0273,72.982,0.168
Gregorio Allegri,"Miserere mei, Deus",33,0.986,0.163,0.0199,0.105,G,0.0815,-36.09,Minor,0.0421,131.849,0.031
Phoebe Bridgers,Funeral,56,0.947,0.215,0.263,0.0003,B,0.0919,-14.416,Major,0.0378,172.332,0.307
Zeds Dead,Neck And Neck,39,0.201,0.61,0.815,0.0002,F,0.0815,-3.982,Minor,0.0397,126.009,0.342
The Crystal Method,Divided By Night,28,0.0643,0.703,0.937,0.0207,C,0.544,-2.379,Major,0.0984,101.025,0.757
Kiana Ledé,Get In The Way,49,0.672,0.596,0.47,0,C#,0.102,-8.855,Major,0.537,77.814,0.733
London Philharmonic Orchestra,Ocean of Dreams 2 - Flute,31,0.955,0.165,0.214,0.916,A#,0.161,-17.417,Major,0.0384,143.333,0.0466
Mötley Crüe,Dr. Feelgood,67,0.0009,0.535,0.967,0.0204,D,0.233,-4.082,Major,0.068,110.97,0.347
Miranda Lambert,Old Sh!t,41,0.285,0.423,0.507,0,D#,0.102,-8.6,Major,0.0319,184.364,0.639
Dr. John,Same Old Same Old,36,0.537,0.767,0.353,0.0017,F,0.0837,-16.537,Minor,0.0383,105.285,0.893
Lit Lords,Swings,50,0.0876,0.503,0.852,0.78,C,0.119,-5.249,Major,0.129,144.963,0.0884
Jax Jones,Instruction (feat. Demi Lovato & Stefflon Don),74,0.102,0.767,0.929,0,A,0.0921,-3.08,Minor,0.185,121.087,0.923
Brad Mehldau,Prelude To A Kiss,41,0.929,0.37,0.104,0.908,C,0.144,-21.112,Major,0.0364,78.729,0.134
David Sanborn,Windmills of Your Mind,41,0.372,0.7,0.475,0.0025,C,0.0416,-10.384,Minor,0.0358,89.053,0.726
Bonobo,Ibrik,64,0.257,0.738,0.512,0.879,F,0.0824,-12.924,Minor,0.0668,123.01,0.0867
Johann Sebastian Bach,"The Well-Tempered Clavier, Book 1: Prelude and Fugue No. 1 in C Major, BWV 846: I. Prelude",24,0.992,0.176,0.0437,0.823,C,0.106,-35.074,Major,0.0437,94.867,0.348
Escape the Fate,My Apocalypse,48,0.0017,0.195,0.935,0.0001,G,0.108,-3.623,Minor,0.133,129.328,0.236
Claude Debussy,"Préludes / Book 1, L.117: 1. Danseuses de Delphes",35,0.994,0.606,0.0037,0.887,F,0.0737,-30.117,Major,0.0892,130.925,0.0551
Wolfgang Amadeus Mozart,"Concerto No. 3 in E-Flat Major, K.447: I. Allegro",22,0.989,0.42,0.0566,0.933,D#,0.174,-22.701,Major,0.0432,126.681,0.313
Pink Floyd,Us and Them,66,0.863,0.356,0.302,0.546,D,0.634,-14.528,Major,0.0346,72.623,0.126
Ruth Crawford Seeger,"String Quartet, ""1931"": III. Andante",25,0.973,0.0712,0.0169,0.35,C#,0.0731,-26.569,Major,0.0496,77.78,0.0311
Cole Swindell,Party Wasn't Over,44,0.0691,0.477,0.909,0,F,0.216,-3.603,Major,0.0626,75.036,0.547
Red Hot Chili Peppers,Animal Bar,46,0.0733,0.562,0.669,0.0004,D,0.114,-4.139,Major,0.039,146.82,0.22
Sasha,Smokemonk - Yotto Remix,30,0.0008,0.701,0.708,0.932,D,0.0929,-12.639,Major,0.0528,123.992,0.392
Jeffrey McFadden,The Rider,35,0.994,0.493,0.178,0.93,G,0.119,-18.259,Minor,0.0632,114.7,0.381
Newsboys,The King Is Coming,45,0.0005,0.531,0.807,0,D,0.156,-6.181,Major,0.0346,127.024,0.385
James Tillman,Casual Encounters,50,0.852,0.408,0.344,0.541,E,0.0941,-13.927,Minor,0.0808,150.03,0.159
Yung Lean,Smirnoff Ice,53,0.105,0.604,0.809,0,C#,0.091,-4.758,Major,0.115,145.065,0.0993
Flying Lotus,Mages Sages - Instrumental,44,0.0808,0.632,0.49,0.743,B,0.236,-10.299,Major,0.249,176.399,0.506
Kodak Black,Corrlinks and JPay,55,0.0022,0.887,0.517,0,D,0.107,-5.974,Major,0.188,140,0.237
Natureboy Flako,From the Shadows,39,0.0128,0.371,0.579,0.905,D,0.109,-11.447,Major,0.0449,140.006,0.0616
Toro y Moi,Ordinary Pleasure,56,0.118,0.878,0.779,0.0192,G,0.104,-7.283,Major,0.135,115.009,0.778
Jean-Yves Thibaudet,"End Credits - From ""Pride & Prejudice"" Soundtrack",48,0.984,0.0825,0.0213,0.835,D#,0.0656,-24.644,Major,0.0424,63.965,0.0341
GoGo Penguin,Hopopono,50,0.0978,0.39,0.389,0.94,C,0.115,-14.025,Major,0.0503,100.648,0.239
Heitor Villa-Lobos,String Quartet No. 5: I. Poco Andantino - Un poco vivo - Tempo Primo - Lento - Allegro vivace - Vivo - Presto,29,0.974,0.375,0.0906,0.367,G,0.0904,-18.977,Major,0.0449,134.8,0.208
Max Reger,"Lose Blaetter, Op. 13: XII. Choral",42,0.996,0.437,0.0025,0.921,D,0.0738,-34.213,Major,0.0619,67.199,0.356
The Dead Weather,Looking at the Invisible Man,27,0.001,0.509,0.96,0.0009,F,0.537,-2.397,Major,0.119,89.258,0.534
Grandtheft,All The Way Up (feat. Lia Ices & Brasstracks),29,0.212,0.679,0.447,0.0161,G,0.118,-6.508,Minor,0.054,89.84,0.302
Mike WiLL Made-It,Watching Me (with Rae Sremmurd & Kodak Black),61,0.0219,0.772,0.879,0,D,0.148,-3.423,Major,0.0395,139.972,0.431
Ross Ellis,Ghosts,53,0.002,0.606,0.608,0,E,0.104,-8.085,Major,0.0261,97.993,0.56
Emmylou Harris,The Magdalene Laundries - Live,0,0.833,0.355,0.267,0.0004,A,0.68,-12.212,Major,0.0385,109.984,0.0977
RAC,Heartbreak Summer,47,0.0737,0.59,0.816,0.0102,G,0.188,-5.055,Major,0.0292,80.005,0.519
Frédéric Chopin,"Waltz in A Minor, B. 150, Op. posth.",39,0.984,0.319,0.0262,0.928,A,0.069,-37.243,Minor,0.0422,69.597,0.144
Atlanta Rhythm Section,So Into You,52,0.66,0.609,0.412,0.0283,F,0.133,-13.47,Minor,0.0343,86.949,0.797
Migos,Culture (feat. DJ Khaled),56,0.0379,0.825,0.7,0,B,0.139,-5.098,Minor,0.243,132.996,0.317
Chuck Berry,Dutchman,24,0.511,0.763,0.564,0,G,0.103,-7.766,Minor,0.153,132.155,0.889
Miles Davis,Move - Remastered,39,0.718,0.497,0.421,0.0005,D#,0.109,-11.214,Major,0.065,136.502,0.86
Jacques Loussier Trio,"協奏曲第2番ト短調「夏」: Gymnopédie No. 1, Variation 1 (Arr. for Jazz Trio)",28,0.892,0.557,0.115,0.778,G,0.143,-21.195,Major,0.0387,99.225,0.0994
Mary Wells,Keep Me In Suspense,0,0.0044,0.657,0.446,0,C,0.0887,-9.962,Major,0.0291,103.396,0.858
Kelsey Lu,Due West - Skrillex Remix,54,0.17,0.713,0.639,0.002,A,0.352,-8.404,Major,0.0448,103.986,0.0394
Bonnie Raitt,All Alone With Something To Say,28,0.778,0.583,0.372,0.0004,D,0.0902,-10.036,Major,0.0328,166.047,0.359
LOCASH,I Know Somebody,63,0.0356,0.505,0.903,0,C#,0.127,-3.699,Major,0.037,88.986,0.491
Sergei Rachmaninoff,"Prelude in G-Sharp Minor, Op. 32",35,0.992,0.252,0.0292,0.914,E,0.0711,-25.987,Major,0.0438,125.572,0.0598
Pyotr Ilyich Tchaikovsky,"The Nutcracker - Ballet, Op.71, Act II: No. 11 - Clara and the Prince",37,0.941,0.239,0.142,0.84,C,0.123,-19.818,Major,0.0366,72.814,0.0725
shinigami,Rnrn,56,0.129,0.586,0.716,0,F,0.16,-5.725,Minor,0.0438,74.997,0.18
The Black Keys,Unknown Brother,43,0.466,0.5,0.552,0.0022,A,0.108,-7.888,Major,0.0413,83.81,0.209
My Darkest Days,Porn Star Dancing - Bonus Track,44,0.006,0.595,0.905,0,D,0.238,-3.92,Major,0.0571,160.126,0.475
Chace,Stranger,40,0.0306,0.831,0.608,0.0676,C,0.288,-5.308,Major,0.0855,120.027,0.41
"quickly, quickly",Blingblingbling,60,0.335,0.54,0.457,0.706,A,0.118,-6.6,Major,0.317,167.77,0.642
Gary Clark Jr.,Bright Lights - Live,34,0.237,0.19,0.901,0.0656,A,0.858,-3.84,Minor,0.068,92.665,0.379
Boosie Badazz,Smoking On Purple (feat. Webbie),53,0.0814,0.804,0.762,0,B,0.618,-3.189,Minor,0.272,145.422,0.794
Digitalism,Utopia - Joris Voorn Remix,50,0.0036,0.619,0.264,0.81,C#,0.104,-11.909,Major,0.0299,121.99,0.156
"Harry Connick, Jr.",The Way You Look Tonight,33,0.547,0.457,0.23,0,C#,0.266,-13.699,Major,0.0377,130.102,0.521
G Jones,Soundtrack to the Machine,36,0.0629,0.664,0.895,0.0324,C#,0.156,-5.398,Major,0.465,150.079,0.372
Eminem,Amityville,56,0.0191,0.73,0.923,0,D,0.3,-3.323,Minor,0.258,80.06,0.659
Justice,Phantom Part 2 - Live Version,32,0.0265,0.441,0.994,0.872,C,0.978,-3.131,Major,0.303,130.019,0.0632
BABYMETAL,Gimme Chocolate!!,51,0.0003,0.616,0.985,0.0001,B,0.111,-1.598,Major,0.0832,109.979,0.487
Florent Schmitt,"Symphonie concertante, Op. 82: II. Lent",34,0.915,0.0952,0.0913,0.745,G#,0.106,-19.069,Major,0.0338,76.753,0.0339
MGMT,TSLAMP,56,0.22,0.602,0.879,0.0002,A,0.107,-5.283,Minor,0.0994,174.11,0.733
Nazareth,Love Hurts,55,0.0048,0.477,0.347,0.0041,G,0.34,-11.847,Major,0.0248,80.097,0.139
Jean Carn,Don't Let It Go to Your Head,36,0.461,0.675,0.447,0.0001,E,0.142,-10.281,Major,0.0472,106.164,0.685
T. Rex,Rock On,28,0.0352,0.441,0.823,0.0119,G,0.594,-6.704,Major,0.0822,120.509,0.639
Black Rebel Motorcycle Club,Spread Your Love,56,0.0099,0.415,0.901,0.361,D,0.136,-3.124,Major,0.0428,128.216,0.424
Hillsong UNITED,Prince Of Peace - Live,54,0.494,0.259,0.326,0.0011,A,0.0903,-11.061,Major,0.0295,72.968,0.0831
Jason Isbell and the 400 Unit,Cover Me Up - Live,40,0.423,0.312,0.379,0.0041,E,0.951,-9.93,Major,0.0307,105.734,0.285
Meat Loaf,Two Out of Three Ain't Bad,59,0.385,0.586,0.48,0,A,0.0947,-9.138,Major,0.0243,79.873,0.488
Billie Holiday,A Sailboat In the Moonlight,33,0.897,0.816,0.257,0,G,0.0927,-10.849,Major,0.0829,120.414,0.78
Charlie Farley,Concrete Dreams (feat. Cody Davis),40,0.0067,0.603,0.813,0,D,0.13,-4.036,Major,0.0616,153.977,0.497
Giovanni Battista Sammartini,III. Menuetto,0,0.967,0.309,0.0662,0.0518,G#,0.125,-24.138,Minor,0.0387,53.192,0.347
Tay-K,I <3 My Choppa,61,0.0003,0.732,0.47,0,C,0.119,-7.601,Minor,0.244,159.936,0.411
Jóhann Jóhannsson,Horns of Abraxas,32,0.835,0.188,0.222,0.943,G,0.111,-21.002,Minor,0.0413,77.866,0.0344
Norah Jones,Toes,46,0.866,0.539,0.325,0.0052,G,0.12,-11.041,Major,0.0321,80.222,0.411
keshi,magnolia,57,0.936,0.62,0.501,0.897,A,0.0995,-11.733,Major,0.0446,140.025,0.5
Wolfgang Amadeus Mozart,"La clemenza di Tito, K. 621, Act I: Overture",0,0.952,0.302,0.0959,0.915,C,0.418,-22.569,Major,0.0422,149.162,0.4
Travis Scott,Nightcrawler (feat. Swae Lee & Chief Keef),67,0.0013,0.522,0.728,0,D#,0.132,-3.801,Minor,0.0323,124.045,0.18
Wolfgang Amadeus Mozart,"Piano Concerto No. 12 in A Major, K. 414 (Version for Piano & String Quintet): III. Rondeau. Allegretto",21,0.963,0.409,0.264,0.748,A,0.237,-16.449,Major,0.0366,93.264,0.414
Jamiroquai,Summer Girl,50,0.0027,0.703,0.769,0.0014,C,0.0387,-7.319,Major,0.0752,113.984,0.655
Jackyl,Down On Me,48,0.0131,0.732,0.858,0.0003,C,0.306,-7.588,Major,0.0426,121.46,0.588
Logic,Slave II,59,0.0215,0.503,0.494,0.0006,A#,0.109,-6.177,Minor,0.128,90.677,0.134
Upchurch,Keep It Country (feat. Bubba Sparxxx),39,0.226,0.67,0.89,0,D,0.0872,-7.281,Major,0.249,193.98,0.731
Dawes,When My Time Comes,58,0.722,0.327,0.501,0.0025,A,0.113,-8.885,Major,0.0434,115.199,0.377
Jack White,Take Me With You When You Go,30,0.0843,0.356,0.847,0.0368,G,0.17,-10.427,Major,0.0843,100.822,0.433
Moneybagg Yo,Curry Jersey (feat. YG),50,0.11,0.782,0.755,0,D,0.211,-3.76,Major,0.271,162.005,0.412
The White Stripes,Ball And Biscuit,52,0.0513,0.518,0.67,0.145,A,0.102,-7.135,Major,0.192,78.223,0.608
Old Dominion,Written in the Sand,75,0.593,0.725,0.437,0,F#,0.0842,-9.602,Major,0.0575,83.985,0.759
Bluestaeb,Yap,46,0.445,0.763,0.504,0.926,B,0.11,-8.62,Major,0.304,176.852,0.386
Evanescence,Imaginary,50,0.0105,0.396,0.765,0.0022,E,0.243,-5.43,Minor,0.031,150.115,0.308
Brad Paisley,Santa Looked a Lot Like Daddy,39,0.358,0.504,0.985,0.0001,E,0.4,-5.17,Major,0.0482,167.852,0.965
Duke Ellington,Stevie,41,0.708,0.525,0.36,0.0008,C,0.126,-11.497,Minor,0.0323,82.691,0.502
Nicolas Jaar,No,52,0.802,0.583,0.409,0.24,F#,0.139,-15.926,Minor,0.392,89.887,0.186
Foster The People,Don't Stop (Color on the Walls),64,0.0018,0.611,0.948,0.0995,C#,0.0969,-3.751,Minor,0.0753,133.004,0.79
Brian Tarquin,Freeway Jam,30,0.22,0.672,0.604,0.894,C,0.166,-10.16,Major,0.0291,99.978,0.892
Pearl Jam,Future Days,49,0.417,0.539,0.276,0,C#,0.0608,-12.364,Major,0.0276,106.947,0.179
Gábor Szabó,San Franciscan Nights,42,0.85,0.564,0.22,0.0172,C,0.111,-18.97,Major,0.0421,94.189,0.45
Gov't Mule,Blind Man In The Dark,28,0.0103,0.423,0.838,0.0194,G#,0.0849,-5.307,Minor,0.0411,97.43,0.562
Caravan Palace,The Dirty Side of the Street,33,0.451,0.795,0.969,0.0004,G#,0.0944,-3.692,Major,0.273,132.977,0.716
Bent,Moonbeams,44,0.212,0.598,0.657,0.042,C,0.288,-8.183,Major,0.0329,130.026,0.586
Jason Aldean,I Use What I Got,36,0.0143,0.429,0.862,0,G#,0.104,-4.281,Major,0.0479,168.023,0.7
Nobuo Uematsu,Encore: Final Fantasy X (Suteki da ne),36,0.99,0.397,0.0398,0.887,D,0.0732,-23.908,Minor,0.0401,72.306,0.0671
George Strait,The Big One,37,0.155,0.625,0.757,0,F#,0.292,-7.127,Major,0.032,128.782,0.894
The Avalanches,Frontier Psychiatrist,45,0.122,0.711,0.905,0.0002,F#,0.395,-7.459,Major,0.218,98.931,0.437
Devin Dawson,Dark Horse - Songs in the Key of F - Live,40,0.762,0.528,0.356,0,F#,0.111,-8.129,Minor,0.0279,72.832,0.209
Aphex Twin,Windowlicker,53,0.132,0.698,0.789,0.0091,G#,0.366,-4.936,Major,0.163,123.016,0.492
Nikolai Rimsky-Korsakov,"Rimsky Korsakov: Scheherazade, Op. 35: II. The Story of the Kalender Prince (Opening)",38,0.974,0.176,0.0317,0.718,B,0.353,-24.978,Minor,0.0448,145.834,0.0387
Air,Modulor Mix - DJ Cam no Protection Remix,37,0.0263,0.478,0.835,0.0005,G,0.211,-7.45,Major,0.426,197.921,0.535
Giacomo Puccini,"La Bohème, Act I: O soave fanciulla (Rodolfo/Marcello/Mimì)",35,0.97,0.155,0.128,0.0965,C,0.0862,-19.119,Major,0.041,82.848,0.04
In This Moment,Big Bad Wolf,58,0.0012,0.552,0.987,0.0003,B,0.669,-3.642,Major,0.148,89.986,0.272
Thievery Corporation,Where It All Starts,31,0.607,0.508,0.605,0.456,A,0.144,-9.64,Minor,0.034,126.848,0.254
Johnnie Taylor,Who's Making Love,43,0.206,0.79,0.349,0,A#,0.168,-13.265,Major,0.065,115.365,0.696
Weezer,Feels Like Summer,58,0.02,0.53,0.867,0.0002,B,0.737,-4.989,Major,0.0504,175.981,0.74
Tito Gomez,Dejala,41,0.529,0.743,0.437,0.0029,A#,0.0616,-12.567,Minor,0.0379,94.542,0.928
The Jayhawks,Blue,51,0.288,0.516,0.583,0,E,0.298,-8.197,Major,0.0277,136.088,0.381
Gorillaz,O Green World,56,0.002,0.672,0.768,0.905,C,0.136,-7.718,Major,0.0347,122.583,0.858
Death Grips,The Fever (Aye Aye),48,0.159,0.432,0.94,0,A#,0.154,-4.099,Minor,0.374,80.084,0.225
Vincent Ingala,Groovin' U (feat. Gregg Karukas),35,0.301,0.54,0.68,0.523,A#,0.152,-7.099,Minor,0.0353,175.729,0.68
Blues Saraceno,The Devil Never Sleeps,35,0.0422,0.506,0.608,0.687,A,0.0975,-8.381,Major,0.0289,78.199,0.408
Kevin Gates,Me Too,69,0.152,0.726,0.605,0,G,0.642,-5.002,Major,0.296,139.233,0.36
The White Stripes,Screwdriver,30,0.22,0.516,0.926,0.0001,D,0.0647,-3.426,Major,0.176,95.027,0.745
Héctor Lavoe,El Dia De Suerte,57,0.669,0.65,0.847,0,C,0.0533,-5.481,Minor,0.0478,99.454,0.953
Brillz,Rvtchet Bitch - Milo & Otis Remix,35,0.0043,0.742,0.934,0.475,B,0.345,-5.387,Minor,0.188,107.99,0.532
Aphex Twin,Kladfvgbung Mischk,36,0.551,0.816,0.544,0.741,G,0.108,-17.126,Minor,0.105,129.984,0.162
Bullet For My Valentine,Hearts Burst into Fire,44,0.001,0.24,0.968,0.0001,C,0.119,-3.669,Minor,0.109,89.686,0.119
Passion,Jesus Paid It All,46,0.0925,0.317,0.562,0,B,0.893,-8.719,Major,0.0343,76.915,0.218
J.J. Cale,Devil In Disguise,31,0.504,0.73,0.41,0.0009,B,0.0696,-16.181,Major,0.0633,93.867,0.925
Foals,Mountain At My Gates,68,0.0025,0.495,0.931,0.0783,D,0.246,-5.336,Minor,0.0469,104.05,0.617
Tory Lanez,In For It,58,0.0765,0.382,0.522,0.0002,F,0.108,-7.823,Minor,0.0858,105.986,0.037
JID,Frequency Change,53,0.47,0.633,0.506,0,C#,0.959,-16.808,Major,0.863,70.128,0.784
Cage The Elephant,It's Just Forever (feat. Alison Mosshart),47,0.0063,0.431,0.89,0.0054,A,0.316,-1.763,Minor,0.0336,136.279,0.754
Parmalee,Hotdamalama,49,0.0119,0.58,0.923,0,G,0.31,-3.865,Major,0.0623,146.05,0.812
Krizz Kaliko,Kill Shit,46,0.0709,0.706,0.976,0,C#,0.424,-3.568,Major,0.148,129.816,0.746
Sugarland,Come On Get Higher - Live,37,0.833,0.258,0.477,0,B,0.727,-6.357,Major,0.0331,178.845,0.298
Cafe Jazz Deluxe,Gifted Melody,37,0.969,0.743,0.0932,0.906,A#,0.0969,-23.4,Major,0.0399,70.942,0.442
Robert Schumann,"Symphony No. 2 in C Major, Op. 61: II. Scherzo. Allegro vivace (Live)",4,0.949,0.303,0.241,0.768,G,0.158,-19.789,Major,0.0446,136.273,0.28
The Doobie Brothers,China Grove,67,0.319,0.623,0.91,0.0004,A,0.081,-8.448,Major,0.0384,145.624,0.745
Franz von Suppé,Light Cavalry Overture,33,0.949,0.24,0.296,0.917,A,0.198,-16.9,Major,0.0527,84.73,0.119
Blues Saraceno,Heroes Dress in Black,40,0.0003,0.529,0.825,0.0009,C#,0.121,-8.233,Minor,0.0433,142.964,0.434
Speaker Knockerz,Erica Kane,50,0.0726,0.807,0.578,0,C,0.165,-6.629,Major,0.0445,136.892,0.615
A$AP Mob,London Town,52,0.332,0.618,0.61,0,A,0.108,-7.812,Minor,0.39,126.016,0.529
Billie Holiday,I Cover The Waterfront,31,0.992,0.36,0.0815,0.001,C#,0.107,-15.152,Major,0.0385,75.859,0.205
K CAMP,FWYB,56,0.252,0.847,0.36,0,C,0.148,-8.313,Major,0.221,144.06,0.52
The Oak Ridge Boys,Come On In (You Did The Best You Could Do),34,0.181,0.69,0.639,0.0006,G,0.0799,-13.579,Major,0.0413,94.661,0.928
Kill The Noise,Shake the Ground,50,0.0004,0.534,0.998,0.0717,B,0.1,-1.154,Major,0.34,150.034,0.186
Off The Meds,Currency Low,36,0.222,0.736,0.679,0.018,G#,0.13,-12.365,Major,0.216,119.021,0.732
Slaughterhouse,Psychopath Killer,51,0.0999,0.633,0.85,0,G#,0.107,-4.385,Major,0.271,119.929,0.191
Upchurch,Shoot the Moon (feat. Bb Swing),47,0.0036,0.727,0.701,0,C,0.207,-5.929,Major,0.0417,119.928,0.444
Pyotr Ilyich Tchaikovsky,Violin Concerto In D Opus 35: II Canzonetta - Andante,44,0.983,0.176,0.0287,0.472,D#,0.0637,-28.182,Major,0.049,63.335,0.0378
Linkin Park,A LIGHT THAT NEVER COMES,63,0.0023,0.687,0.871,0.0071,C,0.134,-5.531,Major,0.0689,115,0.539
Ry Cooder,La luna en tu mirada,30,0.885,0.492,0.27,0.944,A,0.11,-14.328,Minor,0.0385,80.293,0.462
Switchfoot,Live It Well,44,0.0494,0.487,0.852,0,B,0.11,-4.875,Major,0.0526,149.868,0.407
The Who,Happy Jack,37,0.0411,0.564,0.591,0.006,D,0.12,-11.771,Major,0.0601,128.982,0.958
Randy Rogers Band,Too Late For Goodbye,46,0.0102,0.59,0.778,0,C,0.3,-5.464,Major,0.0333,129.734,0.498
The Strokes,Threat of Joy,65,0.216,0.594,0.728,0.0881,C,0.124,-6.917,Major,0.0281,137.97,0.687
Franz Liszt,"Via Crucis, S. 53: Station XIII. Jesus wird vom Kreuz genommen",12,0.987,0.431,0.0012,0.937,A#,0.113,-46.985,Major,0.0687,77.729,0.0417
Sonora Ponceña,De Que Callada Manera,41,0.24,0.55,0.593,0.0006,D,0.0555,-10.846,Major,0.0392,175.045,0.506
The White Stripes,Icky Thump,63,0.021,0.424,0.632,0.0117,A,0.0545,-7.243,Major,0.0922,97.694,0.356
Kid Quill,Small Talk,59,0.307,0.78,0.573,0.0001,D,0.14,-9.23,Major,0.0615,99.962,0.377
Upchurch,C.H.E.a.T.H.a.M.,57,0.0134,0.821,0.71,0.0006,A#,0.214,-5.092,Minor,0.0848,140.019,0.264
El Gran Combo De Puerto Rico,Achilipú,49,0.514,0.69,0.684,0,F,0.105,-4.683,Minor,0.0492,89.916,0.976
MARINA,Handmade Heaven,55,0.367,0.379,0.503,0,F#,0.111,-5.814,Minor,0.0374,106.999,0.284
Noel Torres,El Comando del Diablo,60,0.527,0.813,0.742,0,A#,0.0688,-3.959,Major,0.0838,106.027,0.914
Jefferson Airplane,Embryonic Journey,54,0.804,0.293,0.354,0.919,D,0.154,-14.026,Major,0.0282,107.634,0.487
Mastodon,Stairway to Heaven,50,0.0301,0.271,0.624,0.0032,G,0.0737,-6.733,Minor,0.0309,74.611,0.242
The Band Perry,Postcard From Paris,41,0.0732,0.54,0.688,0,G#,0.0804,-5.366,Major,0.0304,143.888,0.524
YFN Lucci,Live That Life (feat. Garren),54,0.0587,0.688,0.715,0,G#,0.0438,-5.425,Major,0.0707,145.954,0.682
Massive Attack,Sly,45,0.0264,0.609,0.305,0.623,B,0.366,-15.148,Minor,0.0278,90.042,0.326
Liquid Stranger,Go Commando,36,0.0015,0.795,0.845,0.204,C#,0.374,-4.785,Major,0.265,83.986,0.45
Ludacris,Pimpin' All Over The World,54,0.257,0.69,0.877,0,C#,0.14,-4.074,Minor,0.264,92.165,0.779
Pete Rock,Smooth Sailing,37,0.0246,0.68,0.409,0.914,F#,0.0757,-8.695,Minor,0.0898,180.893,0.427
Nas,Take It In Blood,51,0.0624,0.789,0.449,0,B,0.131,-13.07,Minor,0.395,91.777,0.301
Kip Moore,Crazy One More Time,44,0.12,0.632,0.536,0.0021,F,0.093,-8.836,Major,0.0351,118.913,0.54
Wilhelm Stenhammar,"Sången, Op. 44: The Song: Interlude",35,0.971,0.0897,0.0095,0.927,D#,0.0838,-27.343,Major,0.0404,87.16,0.0313
Academy of St. Martin in the Fields,"Te Deum, H.146 (1989 Digital Remaster): Te aeternum Patrem",28,0.984,0.495,0.0838,0.0043,D,0.184,-18.788,Major,0.0363,79.1,0.381
Jan Johansson,Visa från Utanmyra,47,0.975,0.618,0.0772,0.919,A,0.107,-21.306,Minor,0.0514,104.691,0.36
Wayne Shorter,Valse Triste - Rudy Van Gelder Edition/Digital Remaster/2007,41,0.63,0.377,0.491,0.0039,F,0.294,-9.348,Minor,0.0343,147.689,0.368
Little Feat,One Love Stand,25,0.42,0.701,0.233,0.475,A,0.111,-16.424,Major,0.0461,128.78,0.405
Mieczysław Weinberg,Rhapsody on Moldavian Themes Op. 47 No. 3,29,0.887,0.294,0.149,0.0362,F,0.0686,-18.557,Major,0.045,82.696,0.086
Giacomo Puccini,"Madame Butterfly, SC 74, Act 2: ""Coro a bocca chiusa"" (Humming Chorus)",0,0.986,0.183,0.0035,0.957,A#,0.129,-38.472,Major,0.0424,71.523,0.0487
Metric,Help I'm Alive,60,0.0081,0.565,0.877,0.0025,F,0.26,-4.561,Minor,0.0614,118.484,0.389
The Jon Spencer Blues Explosion,Very Rare,26,0.0116,0.455,0.71,0.879,C,0.216,-4.717,Minor,0.0681,178.915,0.638
Disturbed,The Game,59,0.0001,0.628,0.95,0.0052,G#,0.151,-3.02,Major,0.0559,132.001,0.563
Trisha Yearwood,That's What I Like About You,36,0.647,0.655,0.871,0.0011,G#,0.123,-7.252,Major,0.0344,118.05,0.78
The Walkmen,The Rat,56,0.0002,0.176,0.917,0.0728,F#,0.235,-4.884,Minor,0.0635,168.197,0.325
Lake Street Dive,Good Kisser,62,0.119,0.485,0.591,0.0028,A#,0.0787,-3.888,Major,0.0453,160.336,0.636
Franklin Embry,Fifty,48,0.0087,0.737,0.625,0,F,0.628,-8.067,Major,0.0297,113.934,0.504
Radiohead,Spectre,47,0.557,0.154,0.447,0.912,E,0.108,-8.797,Minor,0.0292,149.423,0.12
Matt Maeson,Tribulation,59,0.0836,0.428,0.664,0,C#,0.0901,-6.769,Major,0.121,155.125,0.345
J. Cole,Interlude,52,0.936,0.521,0.285,0.0002,F,0.115,-14.619,Minor,0.105,64.825,0.157
Creed,My Own Prison,58,0.0277,0.505,0.778,0.0028,A#,0.115,-4.778,Major,0.0398,140.493,0.284
Royal Tusk,Aftermath,52,0.0017,0.437,0.934,0,F#,0.317,-3.227,Minor,0.0915,144.135,0.431
SAINt JHN,Traci Lords,54,0.19,0.838,0.736,0.0003,E,0.114,-7.541,Minor,0.0521,143.986,0.524
Bassnectar,Speakerbox (feat. Lafa Taylor),58,0.0094,0.507,0.934,0.0018,G#,0.222,-2.325,Minor,0.188,175.954,0.471
Tim Hecker,Boreal Kiss Pt. 1,44,0.528,0.196,0.0236,0.0845,F,0.289,-25.493,Minor,0.0429,134.596,0.0894
John Conlee,Lady Lay Down,37,0.17,0.482,0.263,0,F,0.318,-14.881,Major,0.0273,90.305,0.385
The California Honeydrops,One of Those People,23,0.367,0.816,0.722,0,C,0.215,-6.097,Major,0.0337,113.291,0.964
Jerry Garcia,Let It Rock,32,0.483,0.685,0.83,0.0037,B,0.157,-9.021,Major,0.0286,134.782,0.963
Bassnectar,Don't Hate The 808 (G Jones Remix),30,0.0009,0.685,0.873,0.0013,B,0.158,-4.349,Major,0.163,159.985,0.599
"Tyler, The Creator","FIND YOUR WINGS (feat. Roy Ayers, Sydney Bennett & Kali Uchis)",57,0.405,0.512,0.427,0.0837,A,0.0976,-7.338,Minor,0.0277,75.027,0.191
Europe,Rock the Night,60,0.0425,0.57,0.931,0,E,0.375,-5.78,Minor,0.0503,105.37,0.401
Cole Swindell,You've Got My Number,41,0.0072,0.519,0.885,0,A,0.132,-2.386,Major,0.0421,115.094,0.481
Metronomy,The Look,66,0.623,0.638,0.535,0.0391,A,0.0837,-7.792,Minor,0.0415,84.947,0.504
Röyksopp,Silver Cruiser,33,0.368,0.41,0.527,0.906,A,0.111,-9.799,Major,0.0337,80.351,0.351
Buffalo Springfield,Bluebird,34,0.599,0.465,0.385,0.0293,G,0.188,-16.73,Major,0.0419,126.839,0.282
Sir Sly,Astronaut,54,0.0822,0.628,0.584,0.433,G,0.298,-8.03,Major,0.0284,112,0.335
The Beegie Adair Trio,Polka Dots And Moonbeams,37,0.941,0.516,0.139,0.944,F,0.124,-17.423,Major,0.0401,115.16,0.165
Liquid Stranger,Don't Stop,48,0.0004,0.775,0.67,0.0179,A#,0.0951,-4.676,Minor,0.04,140.019,0.365
Baby Rasta & Gringo,Me Niegas,64,0.0226,0.679,0.713,0.17,G#,0.239,-6.625,Major,0.0499,173.995,0.882
Jimmy Dawkins,Kold Actions,28,0.368,0.62,0.0827,0.051,C,0.0621,-20.88,Major,0.0625,145.108,0.424
Pyotr Ilyich Tchaikovsky,"String Quartet No. 1 in D Major, Op. 11: II. Andante cantabile",34,0.965,0.176,0.0115,0.335,A#,0.157,-32.543,Major,0.0531,118.336,0.0388
Generationals,Catahoula Man,46,0.0238,0.69,0.627,0.0005,D,0.311,-5.271,Major,0.0254,98.021,0.698
Craig Morgan,More Trucks Than Cars,42,0.412,0.485,0.904,0,C#,0.24,-4.2,Major,0.0615,168.076,0.698
Luke Bryan,Play It Again,74,0.0832,0.51,0.898,0,B,0.071,-3.15,Major,0.0696,144.056,0.596
The Raconteurs,Don't Bother Me,51,0.0019,0.29,0.906,0.0005,A,0.344,-8.414,Major,0.153,139.185,0.402
Joe Nichols,Billy Graham's Bible,41,0.15,0.498,0.604,0.0013,A#,0.108,-7.345,Major,0.0291,141.003,0.165
Struggle Jennings,Crazy (feat. Waylon Jennings),38,0.026,0.732,0.721,0,A,0.39,-4.595,Major,0.0609,113.046,0.74
Magic City Hippies,Limestone,62,0.282,0.706,0.457,0.0085,E,0.0614,-9.359,Major,0.0383,78.014,0.723
Adventure Club,Need Your Heart (Minnesota Remix) [feat. Kai],39,0.0376,0.44,0.838,0.0026,C,0.206,-4.112,Minor,0.046,144.895,0.265
Jamey Johnson,Four Walls Of Raiford - Live,42,0.784,0.431,0.362,0,A#,0.908,-8.129,Major,0.0338,102.141,0.321
Travis Tritt,Put Some Drive In Your Country,37,0.0399,0.674,0.83,0.0002,A,0.599,-6.769,Major,0.0347,107.66,0.893
50 Cent,Too Rich For The Bitch,57,0.26,0.841,0.415,0,A#,0.13,-7.68,Minor,0.223,128.085,0.315
Talking Heads,Psycho Killer - 2005 Remastered Version,72,0.0707,0.721,0.521,0.0055,D,0.127,-8.123,Major,0.0612,123.118,0.942
Joe Bonamassa,Mountain Climbing,43,0.0012,0.616,0.852,0.0227,G,0.0923,-5.358,Minor,0.0321,94.023,0.636
Shinedown,Black Cadillac,49,0.0316,0.488,0.841,0,E,0.107,-5.829,Minor,0.097,143.815,0.365
Waka Flocka Flame,"War (feat. DJ Whoo Kid, Neon Dreams & Stokes)",22,0.013,0.578,0.652,0.0013,G#,0.356,-13.498,Minor,0.271,130.938,0.457
Jason Michael Carroll,Livin' Our Love Song,56,0.287,0.488,0.855,0,G,0.132,-3.417,Major,0.0399,148.971,0.799
Sid Phillips,Boogie Man,36,0.596,0.469,0.479,0.922,F,0.158,-10.137,Major,0.0772,184.412,0.904
Jóhann Jóhannsson,A Spacetime Singularity,36,0.932,0.217,0.104,0.909,G#,0.0846,-22.45,Major,0.0414,69.082,0.0287
Spillage Village,Voodoo,52,0.144,0.932,0.565,0,C#,0.113,-9.588,Major,0.223,137.009,0.535
Queens of the Stone Age,"You Think I Ain't Worth A Dollar, But I Feel Like A Millionaire - With Out Interlude",33,0.0169,0.483,0.903,0.0534,C,0.115,-5.767,Minor,0.0738,159.775,0.737
Aleman,Rucón,76,0.0196,0.863,0.59,0,C#,0.093,-8.768,Major,0.5,161.98,0.579
Thompson Square,A Love Like This,60,0.0249,0.65,0.856,0,C#,0.109,-4.351,Major,0.0397,125.992,0.462
Chris Young,Goodbye,49,0.217,0.504,0.625,0,B,0.106,-5.259,Major,0.0346,143.834,0.354
Terry Riley,Sunrise of the Planetary Dream Collector,31,0.989,0.422,0.217,0.865,E,0.0982,-19.031,Minor,0.042,108.521,0.38
Wolfgang Amadeus Mozart,"Divertimento No. 10 in F Major, K. 247: VI. Andante - Allegro assai",11,0.92,0.435,0.123,0.48,F,0.728,-21.403,Major,0.0653,116.24,0.38
The Intruders,I'll Always Love My Mama,37,0.0601,0.682,0.838,0,C#,0.599,-7.818,Minor,0.0634,119.619,0.856
Casting Crowns,"Jesus, Friend Of Sinners",42,0.148,0.396,0.695,0,A#,0.201,-5.492,Major,0.0411,147.582,0.303
Incubus,Here in My Room,40,0.322,0.46,0.654,0.0003,G#,0.142,-4.553,Major,0.0258,141.991,0.19
Sonny Clark,Sonny's Crip,47,0.614,0.523,0.364,0.731,F,0.0816,-13.538,Minor,0.0645,116.292,0.795
Carl Philipp Emanuel Bach,"Cello Concerto No. 3 in A Major, Wq. 172: III. Allegro assai",34,0.955,0.441,0.25,0.843,E,0.146,-20.227,Major,0.0459,107.4,0.486
The Prodigy,Omen Reprise - Live,41,0.015,0.222,0.601,0.963,C#,0.532,-8.409,Minor,0.0421,93.337,0.18
Ludwig van Beethoven,"Beethoven : Piano Concerto No.5 in E flat Major Op.73, 'Emperor' : I Allegro",40,0.979,0.353,0.0859,0.921,D#,0.082,-20.976,Major,0.0392,124.535,0.0726
Karol Szymanowski,"Symphony No. 4, Op.60 'Sinfonia Concertante': Andante molto sostenuto",35,0.938,0.127,0.0418,0.535,E,0.106,-24.984,Minor,0.0342,86.072,0.0372
Bullet For My Valentine,Leap Of Faith,52,0.0041,0.419,0.925,0,E,0.306,-6.055,Major,0.0931,142.517,0.245
Poco,Crazy Love,53,0.207,0.303,0.262,0,D#,0.154,-19.256,Major,0.0329,164.584,0.599
Yellow Claw,Dog Off - ETC!ETC! Remix,35,0.174,0.846,0.902,0.905,C,0.134,-6.053,Major,0.0906,109.984,0.396
Loverboy,Lovin' Every Minute of It,51,0.21,0.523,0.69,0,A,0.243,-13.527,Major,0.0414,173.266,0.845
Uncle Tupelo,Sandusky,53,0.161,0.525,0.594,0.949,E,0.0751,-14.033,Minor,0.0907,157.917,0.0703
Eminem,Seduction,60,0.124,0.628,0.847,0,F#,0.652,-4.386,Minor,0.387,78.031,0.504
The Parlor Mob,Hard Times,30,0.0021,0.47,0.9,0.0032,G,0.0711,-4.502,Major,0.0903,132.181,0.517
The Prodigy,Fire (Sunrise Version),48,0.0198,0.745,0.688,0.002,F,0.0991,-11.355,Minor,0.0522,140.023,0.956
HOMESHAKE,Give It to Me,61,0.18,0.529,0.644,0.188,F,0.493,-7.383,Major,0.069,57.107,0.0682
Wolfgang Amadeus Mozart,"La clemenza di Tito, K. 621, Act I: Amico, ecco il momento",0,0.986,0.48,0.121,0,C,0.38,-27.574,Major,0.207,101.963,0.265
Max Bruch,"Kol Nidrei, Op. 47",36,0.974,0.177,0.125,0.88,D,0.302,-21.761,Major,0.0436,136.251,0.0567
Toco,Outro Lugar,45,0.213,0.733,0.696,0.447,F#,0.0998,-10.512,Major,0.053,151.939,0.627
Michael Franks,Jive,32,0.322,0.659,0.435,0.0006,A,0.407,-13.173,Minor,0.0547,128.674,0.848
SLANDER,Welcome To The Fire - MONXX Remix,36,0.0632,0.856,0.947,0.0573,C#,0.435,-3.178,Minor,0.375,145.093,0.166
Pyotr Ilyich Tchaikovsky,"Nutcracker Suite, Op.71a, TH.35: Chinese Dance (Tea)",43,0.939,0.517,0.145,0.664,F,0.0834,-25.958,Major,0.0486,113.022,0.807
Lifehouse,Everything,50,0.102,0.307,0.407,0.0571,A,0.103,-8.25,Major,0.028,90.255,0.0433
Empire of the Sun,Alive,61,0.107,0.523,0.879,0,F,0.0633,-3.082,Major,0.0365,119.943,0.402
Kings of Leon,Over,58,0.002,0.414,0.799,0.507,D,0.114,-8.253,Major,0.0335,126.852,0.283
Bo Diddley,Bo Diddley,47,0.176,0.809,0.701,0,C,0.184,-12.484,Major,0.0574,105.696,0.563
Daft Punk,Touch,59,0.477,0.29,0.412,0.0839,F#,0.079,-12.659,Minor,0.0458,90.539,0.12
Ludwig van Beethoven,"Missa solemnis, Op. 123: Agnus Dei. Adagio (Live)",14,0.978,0.0977,0.121,0.0328,B,0.0727,-23.341,Minor,0.0419,61.606,0.0393
Loretta Lynn,Coal Miner's Daughter - Single Version,52,0.848,0.606,0.364,0.0117,A,0.0983,-13.862,Major,0.0333,137.601,0.602
Dianne Reeves,Feeling Of Jazz,44,0.536,0.436,0.292,0,D#,0.0844,-10.026,Major,0.0578,71.307,0.253
Anberlin,Feel Good Drag,50,0.0042,0.49,0.861,0.0001,F,0.302,-4.273,Minor,0.0488,93.984,0.586
Phish,Tweezer - Reprise,31,0.321,0.27,0.928,0.691,G,0.193,-7.832,Major,0.0451,188.518,0.562
Smokepurpp,Sauce Like This,69,0.0055,0.885,0.787,0,C#,0.0669,-6.962,Major,0.321,146.066,0.342
Les McCann,Burnin' Coal,38,0.505,0.508,0.779,0.298,D,0.0995,-9.032,Minor,0.0403,79.528,0.893
Emancipator,Periscope Up,36,0.753,0.64,0.53,0.833,E,0.096,-14.939,Minor,0.0493,90.162,0.291
Ludwig van Beethoven,"Diabelli Variations, Op. 120: Variation 30. Andante, sempre cantabile",24,0.992,0.38,0.0017,0.92,C#,0.123,-40.951,Major,0.0897,67.734,0.276
Crowder,My Victory,45,0.106,0.46,0.728,0,C,0.119,-4.782,Major,0.0423,147.957,0.419
Pretty Ricky,Your Body,61,0.176,0.838,0.594,0,E,0.0867,-5.695,Minor,0.113,90.038,0.507
Bonobo,Animals,46,0.245,0.336,0.628,0.396,E,0.547,-7.878,Minor,0.0272,134.993,0.312
Jauz,Higher - Crankdat Remix,34,0.108,0.621,0.933,0.0007,D#,0.367,-1.84,Minor,0.0941,150.106,0.47
The Maine,Right Girl,54,0.0282,0.524,0.921,0,D,0.132,-2.417,Major,0.0377,88.979,0.703
Five Finger Death Punch,Wrong Side of Heaven,64,0.0066,0.483,0.926,0,E,0.29,-5.122,Minor,0.0669,150.016,0.53
Adelitas Way,What It Takes,52,0.0014,0.516,0.877,0,G#,0.094,-4.358,Major,0.0755,174.173,0.625
Paul Oakenfold,Ready Steady Go! - Beatman & Ludmilla Radio Edit,36,0.0002,0.556,0.981,0.816,C#,0.262,-1.035,Minor,0.0376,132.005,0.0927
Rob Dougan,Clubbed To Death 2,23,0.0013,0.569,0.519,0.488,C#,0.187,-7.108,Minor,0.0491,97.44,0.081
Alan Jackson,Home,43,0.236,0.645,0.331,0,C,0.363,-8.02,Major,0.0285,83.919,0.491
Zac Brown Band,Trying To Drive,49,0.0968,0.434,0.664,0,G#,0.141,-5.883,Major,0.0346,145.861,0.465
Steely Dan,Charlie Freak,31,0.688,0.633,0.537,0,E,0.287,-12.827,Minor,0.0306,131.639,0.736
Eminem,Rhyme Or Reason,58,0.129,0.845,0.835,0,E,0.0552,-3.814,Minor,0.241,116.927,0.6
Danielle Bradbery,Slow Burn - Yours Truly: 2018,44,0.924,0.425,0.314,0.0124,D,0.129,-9.072,Major,0.0312,73.69,0.311
Django Reinhardt,Honeysuckle Rose,33,0.981,0.868,0.313,0.913,C,0.108,-12.636,Major,0.0653,98.262,0.899
Casting Crowns,Oh My Soul,62,0.498,0.331,0.427,0,D#,0.108,-7.431,Major,0.0302,157.938,0.141
Wolfgang Amadeus Mozart,"Piano Sonata No. 12 in F Major, K. 332: I. Allegro",29,0.994,0.349,0.0575,0.92,C,0.0784,-22.831,Major,0.0399,155.374,0.221
Zero 7,Warm Sound,53,0.514,0.519,0.389,0.153,F,0.1,-9.807,Major,0.0304,121.802,0.107
Brillz,Callisto,28,0.0493,0.416,0.823,0.0141,F#,0.0592,-6.464,Minor,0.065,104.807,0.0449
Queensrÿche,Queen Of The Reich - Remastered,41,0.0001,0.275,0.978,0.008,C,0.246,-5.442,Major,0.0995,152.506,0.345
Polynation,Tikken,37,0.0577,0.645,0.647,0.878,A#,0.0749,-10.12,Minor,0.0338,104.01,0.37
Gustav Mahler,Symphony No. 6 in A Minor: 4. Finale (Allegro moderato),5,0.944,0.16,0.353,0.902,A#,0.105,-10.529,Major,0.0336,83.867,0.0716
Joji,YEAH RIGHT,76,0.619,0.672,0.588,0.241,C#,0.0992,-9.573,Major,0.133,169.033,0.204
Lynyrd Skynyrd,If I'm Wrong - Shade Tree Demo,34,0.235,0.585,0.547,0.0048,C,0.2,-9.718,Major,0.0448,130.066,0.696
Jason Michael Carroll,Livin' Our Love Song,56,0.287,0.488,0.855,0,G,0.132,-3.417,Major,0.0399,148.971,0.799
Bob Brozman,Lei 'Awapuhi,29,0.846,0.491,0.175,0.557,D,0.113,-15.359,Major,0.0337,81.758,0.271
Oscar Jerome,Misty Head / Sunny Street,45,0.132,0.763,0.672,0.0083,C#,0.413,-6.989,Major,0.233,99.956,0.488
Rhett Walker,Believer,54,0.0215,0.527,0.669,0,D#,0.157,-5.073,Major,0.0274,86.999,0.273
Hatebreed,Looking Down The Barrel Of Today,62,0.0007,0.487,0.987,0.0506,C#,0.284,-4.71,Major,0.0812,180.065,0.499
Joomanji,Spread Too Thin (feat. Lindsay Olsen),52,0.728,0.405,0.456,0.6,F#,0.375,-9.498,Major,0.157,87.721,0.638
Point Point,Morning BJ,33,0.0273,0.762,0.575,0.0815,G#,0.128,-4.765,Minor,0.214,160.023,0.45
Emapea,Special Update,21,0.0116,0.825,0.722,0.915,A#,0.0885,-7.679,Minor,0.0569,94.001,0.923
Wynonna,Tell Me Why,44,0.0075,0.621,0.802,0.0028,D#,0.0677,-6.717,Major,0.0315,141.612,0.81
Gwen Stefani,The Sweet Escape,67,0.218,0.755,0.765,0,C#,0.162,-3.475,Major,0.0356,119.954,0.737
Birocratic,Shakedown,63,0.0422,0.598,0.674,0.264,A,0.114,-8.799,Minor,0.0419,169.864,0.528
Yandel,Te Amare,71,0.0597,0.765,0.613,0.0005,A,0.129,-5.58,Minor,0.0361,97.04,0.284
Richard Elliott,Steppin-Stone,38,0.975,0.382,0.283,0.902,G#,0.104,-15.787,Major,0.0361,138.966,0.44
Vern Gosdin,"Dim Lights, Thick Smoke (And Loud, Loud Music)",36,0.652,0.58,0.374,0,E,0.221,-15.178,Major,0.0317,142.369,0.596
Chris Cagle,Look At What I've Done,46,0.787,0.619,0.317,0,A,0.104,-9.546,Major,0.0333,147.575,0.412
Leonard Bernstein,West Side Story: Act I: Intermission Music,35,0.904,0.489,0.307,0.631,G#,0.352,-11.157,Major,0.0347,113.501,0.85
Johannes Brahms,"Symphony No.3 in F, Op. 90 : 3. Poco allegretto",32,0.98,0.168,0.0343,0.897,C,0.12,-27.884,Minor,0.0433,111.333,0.0385
Earl Sweatshirt,Molasses,53,0.0307,0.503,0.755,0,C#,0.266,-4.811,Major,0.265,79.422,0.807
Frédéric Chopin,Nocturne No.20 In C Sharp Minor,27,0.92,0.153,0.0703,0.335,F#,0.0858,-23.002,Minor,0.0532,85.102,0.0479
Simple Plan,Shut Up!,48,0.001,0.507,0.959,0,C#,0.147,-4.763,Major,0.118,165.136,0.436
Morphine,You Speak My Language,32,0.0463,0.551,0.607,0.882,A,0.375,-11.857,Minor,0.0434,126.275,0.407
The Byrds,You Ain't Goin' Nowhere,51,0.109,0.512,0.426,0.0023,G,0.764,-14.081,Major,0.0449,132.495,0.7
Röyksopp,The Fear,36,0.0793,0.517,0.767,0.935,D,0.13,-9.014,Major,0.0389,157.981,0.363
"Clarence ""Gatemouth"" Brown",Long Way Home,37,0.91,0.728,0.054,0.048,B,0.12,-22.557,Minor,0.038,78.033,0.425
Dirt Monkey,Beef,32,0.0736,0.752,0.923,0.0121,B,0.0832,-3.195,Minor,0.0382,140.03,0.534
Katie Melua,If You Were A Sailboat,50,0.693,0.593,0.242,0.0003,E,0.122,-13.606,Major,0.0399,87.155,0.184
Crucifix,Sidewayz,49,0.108,0.677,0.512,0,C#,0.206,-7.318,Minor,0.151,152.032,0.3
Elias Dummer,Enough - Radio Version,46,0.174,0.564,0.351,0,B,0.106,-8.957,Major,0.0264,139.98,0.168
Ludwig van Beethoven,"Piano Concerto No.3 In C Minor, Op.37: 2. Largo - Live",28,0.985,0.198,0.0235,0.911,E,0.113,-28.664,Major,0.0445,87.545,0.0381
Kenny Wayne Shepherd,Gravity,32,0.237,0.479,0.639,0,A,0.14,-5.562,Minor,0.0308,143.912,0.298
Blue States,Metro Sound,24,0.293,0.557,0.564,0.743,A,0.127,-11.338,Major,0.0268,129.96,0.353
Can't Swim,Your Clothes,43,0.0038,0.493,0.933,0.0039,C#,0.267,-3.406,Minor,0.0826,137.056,0.382
George Frideric Handel,"Rinaldo, HWV 7a, Act I (Ed. G. Sechi): Già per la mia grand'arte [Live]",7,0.984,0.473,0.0932,0,B,0.256,-17.646,Minor,0.246,175.726,0.0935
Billy Idol,White Wedding (Parts 1 And 2) - Shotgun Mix / 24-Bit Digitally Remastered 2001,52,0.0175,0.672,0.792,0.0119,A,0.313,-6.436,Major,0.0333,146.907,0.649
Edward Elgar,"Variations on an Original Theme, Op. 36 'Enigma': Variation VIII. Allegretto ""W.N.""",9,0.97,0.188,0.0543,0.897,G,0.105,-24.024,Major,0.0417,91.88,0.0748
Johann Sebastian Bach,"Cantata ""Christ lag in Todesbanden"", BWV 4: 2. Versus 2: Duetto (Soprano, Alto)",40,0.992,0.108,0.0346,0.006,E,0.0993,-21.271,Minor,0.044,57.755,0.0393
Iration,Time Bomb,60,0.192,0.754,0.59,0,E,0.11,-6.525,Minor,0.046,147.107,0.784
Sergei Prokofiev,"Peter and the Wolf, Op. 67: The Duck",24,0.916,0.223,0.0121,0.193,G#,0.175,-36.401,Major,0.0375,133.804,0.0866
Gorillaz,Plastic Beach (feat. Mick Jones and Paul Simonon),56,0.0025,0.537,0.893,0.0211,C,0.0636,-5.459,Major,0.0893,183.78,0.499
Audioslave,The Last Remaining Light,43,0.0236,0.465,0.497,0.0001,C,0.268,-4.214,Major,0.0285,100.583,0.258
Mighty Sam McClain,When the Hurt Is Over,36,0.629,0.505,0.129,0.0005,A,0.0868,-18.277,Minor,0.0401,142.892,0.252
"Albert Hammond, Jr.",Fast Times,56,0.0003,0.542,0.963,0.0007,G,0.0567,-4.635,Major,0.0381,135.028,0.929
Lloyd,Get It Shawty - Main,59,0.133,0.825,0.909,0,F,0.0508,-4.009,Minor,0.267,128.003,0.625
Phish,Blaze On,42,0.109,0.674,0.88,0,C,0.147,-6.468,Major,0.0371,94.927,0.773
Samuel Barber,"Cello Concerto, Op. 22: II. Andante sostenuto",27,0.889,0.118,0.0338,0.792,A,0.0928,-28.578,Major,0.0464,89.508,0.035
Moby,Extreme Ways (Bourne's Legacy) - Original Version,33,0.0004,0.466,0.828,0.205,B,0.335,-7.898,Minor,0.0518,104.495,0.299
Mndsgn,Chowdr,36,0.152,0.797,0.589,0.785,E,0.342,-11.202,Minor,0.126,86.613,0.351
Peter Schmalfuss,"Variations for Piano on ""Ah, Vous dirai-je Maman"" (Twinkle, Twinkle Little Star), K. 265",36,0.99,0.424,0.0853,0.91,C,0.0978,-24.056,Major,0.0469,130.286,0.318
Ornette Coleman,Broad Way Blues,40,0.471,0.508,0.253,0.246,D#,0.121,-17.518,Major,0.0487,95.527,0.579
Aminé,Veggies,60,0.215,0.502,0.465,0,C,0.275,-7.957,Minor,0.267,183.925,0.655
Upchurch,American Grown,42,0.0481,0.615,0.779,0,C,0.23,-9.577,Major,0.0832,147.987,0.899
South Park Mexican,I Must Be High,60,0.0385,0.812,0.625,0,G,0.0714,-5.543,Major,0.133,81.018,0.301
KRANE,Momentum,33,0.0063,0.474,0.878,0.0407,G#,0.174,-4.365,Major,0.0734,149.959,0.12
Paul Desmond,Samba Cantina,36,0.838,0.493,0.311,0.358,F,0.0787,-17.368,Minor,0.0444,152.423,0.772
Alice Cooper,Might As Well Be On Mars,36,0.0919,0.386,0.713,0.0024,B,0.276,-9.186,Major,0.0427,135.844,0.11
Phish,Possum,24,0.0113,0.496,0.961,0.0621,A,0.905,-5.572,Major,0.0467,91.367,0.425
The Juju Orchestra,Do It Again feat. Carolyn Leonhart & Robert Smith,45,0.0747,0.687,0.8,0.377,C,0.12,-7.682,Major,0.0327,147.028,0.944
Dean Martin,On The Street Where You Live - Remastered,49,0.768,0.64,0.154,0,F#,0.0551,-14.05,Minor,0.042,126.045,0.481
Thin Lizzy,Get out of Here,24,0.0139,0.366,0.89,0.0014,C#,0.111,-7.157,Major,0.0731,163.779,0.706
Jacquees,B.E.D. - Remix,55,0.0041,0.711,0.492,0,C#,0.0721,-8.528,Minor,0.0396,122.009,0.409
Pop Evil,Deal with the Devil,52,0.0003,0.611,0.981,0.0155,F#,0.0656,-3.503,Major,0.0516,115.97,0.522
Seth Ennis,Look At You,68,0.042,0.687,0.625,0,C#,0.151,-6.942,Minor,0.0284,104.027,0.866
Anita Baker,Body and Soul - Radio Edit,39,0.618,0.537,0.474,0,C#,0.193,-8.549,Minor,0.0344,109.09,0.275
Shoreline Mafia,Straight Drop,50,0.0895,0.75,0.425,0,D,0.113,-9.083,Major,0.367,140.089,0.203
Johann Sebastian Bach,"Goldberg Variations, BWV 988: Variation 25 a 2 Clav. - Remastered",39,0.995,0.526,0.0205,0.937,C,0.0949,-33.35,Minor,0.0644,138.769,0.152
Zero 7,Morning Song,38,0.254,0.305,0.487,0.239,A,0.0894,-10.579,Minor,0.0292,98.944,0.0663
Cage The Elephant,Trouble,72,0.392,0.47,0.623,0.0005,C,0.0992,-5.655,Major,0.0302,77.861,0.298
The Menzingers,Tellin' Lies,47,0.0024,0.245,0.957,0.155,F,0.083,-4.082,Minor,0.0611,171.988,0.441
Dead Kennedys,Holiday in Cambodia,59,0.0034,0.133,0.927,0.0004,G,0.0915,-5.371,Major,0.0741,197.708,0.5
Eminem,Guilty Conscience,68,0.0527,0.66,0.789,0,G,0.341,-5.143,Major,0.364,182.218,0.513
Marin Marais,Suite in G major: Prélude - lentement,33,0.879,0.196,0.0673,0.34,F#,0.246,-25.98,Major,0.0341,86.275,0.145
Nightmares On Wax,Morse,51,0.246,0.675,0.496,0.888,C#,0.155,-14.236,Minor,0.0622,80.958,0.885
The Marcus King Band,Goodbye Carolina - Extended Version,46,0.076,0.402,0.617,0.0016,C,0.0746,-7.672,Major,0.036,79.982,0.337
Twang and Round,Here Kitty Kitty,47,0.0995,0.66,0.456,0,C#,0.129,-12.812,Major,0.033,80.415,0.216
Louie Austen,Hoping (Herbert's High Dub),48,0.0919,0.932,0.479,0.0539,E,0.0905,-8.235,Minor,0.0519,124.016,0.968
Todd Terje,"Swing Star, Pt. 1",35,0.0157,0.55,0.846,0.906,F#,0.156,-11.697,Minor,0.0396,159.987,0.361
Duskus,Temple,27,0.348,0.664,0.665,0.0006,G,0.322,-5.238,Minor,0.0572,140.002,0.14
Ladytron,Discotraxx,40,0.0008,0.535,0.895,0.83,F#,0.0964,-6.703,Minor,0.0673,119.639,0.627
Nirvana,"Endless, Nameless",48,0.0004,0.266,0.964,0.889,G,0.084,-5.693,Major,0.131,130.065,0.0697
Jamiroquai,Manifest Destiny - Remastered,45,0.317,0.63,0.838,0.623,G#,0.0839,-7.868,Major,0.0468,91.444,0.605
Gustav Holst,St. Paul's Suite : 3. Intermezzo: Andante con moto,31,0.66,0.251,0.0657,0.845,E,0.114,-20.757,Minor,0.0449,133.095,0.15
Moneybagg Yo,Ion Get You,55,0.352,0.72,0.737,0,F,0.17,-4.119,Major,0.12,75.018,0.623
Melodiesinfonie,Morning Glory,54,0.929,0.722,0.175,0.617,C,0.0931,-11.256,Minor,0.0474,84.995,0.213
blackbear,i miss the old u,74,0.31,0.716,0.812,0,G,0.551,-5.233,Major,0.344,133.047,0.385
RJD2,Iced Lightning,28,0.0142,0.685,0.726,0.888,E,0.494,-7.189,Minor,0.0421,115.995,0.176
Alex Isley,About Him,44,0.77,0.718,0.236,0.005,C#,0.123,-13.623,Minor,0.105,83.113,0.43
Ravyn Lenae,Spice - EP Version,51,0.514,0.574,0.451,0,F#,0.0823,-10.803,Minor,0.191,83.95,0.616
Björk,Modern Things,35,0.233,0.253,0.373,0,E,0.182,-13.564,Major,0.0804,200.145,0.301
Wolfgang Amadeus Mozart,"Mozart, Eine Kleine Nachtmusik K.V.525: Allegro",24,0.972,0.492,0.108,0.957,G,0.0989,-20.86,Major,0.0475,132.877,0.362
Shinedown,Enemies,64,0.0016,0.507,0.966,0,C#,0.336,-2.635,Major,0.046,136.035,0.502
Black Rebel Motorcycle Club,Conscience Killer,29,0.0012,0.41,0.988,0.0801,B,0.312,-2.381,Minor,0.141,148.106,0.152
John Coltrane Quartet,Too Young To Go Steady,26,0.944,0.544,0.185,0.226,F,0.0725,-13.697,Major,0.0378,128.563,0.285
Saba,Stoney,55,0.295,0.735,0.639,0,F#,0.108,-7.464,Minor,0.247,158.865,0.695
O.C.,Time's Up,52,0.162,0.664,0.621,0.0694,D,0.353,-6.521,Major,0.0671,89.566,0.489
L'Indécis,Happy Hours,40,0.012,0.614,0.573,0.679,D#,0.0795,-5.165,Major,0.0557,172.024,0.667
Bassnectar,West Coast Lo-Fi Rides Again,24,0.0012,0.647,0.91,0.479,G,0.233,-6.329,Major,0.115,90.015,0.556
Rage Against The Machine,Street Fighting Man,45,0.0002,0.424,0.997,0.014,G,0.326,-1.501,Major,0.131,131.424,0.123
Franz Schubert,Ave Maria,40,0.968,0.176,0.275,0.0002,A#,0.106,-14.729,Major,0.0371,103.964,0.087
YG,One Time Comin',61,0.0031,0.825,0.598,0,G#,0.125,-7.158,Major,0.0374,108.044,0.375
Gary Allan,Pieces,39,0.0022,0.581,0.848,0,A,0.11,-6.469,Major,0.0374,118.042,0.6
Mac Ayres,Show Me,51,0.742,0.607,0.471,0.0201,B,0.16,-9.612,Major,0.0465,171.704,0.455
Olivier Messiaen,La Nativité du Seigneur: 2. Les Bergers,32,0.965,0.162,0.002,0.639,G,0.106,-38.819,Major,0.0397,129.645,0.0262
Die Antwoord,Banana Brain,64,0.0106,0.74,0.93,0.0156,C#,0.128,-5.662,Major,0.0798,150.085,0.254
Phazz,About Her,34,0.0732,0.542,0.352,0.208,F,0.13,-7.689,Minor,0.0613,123.037,0.0989
OutKast,Elevators (Me & You),63,0.0234,0.774,0.586,0.0007,A#,0.0562,-10.434,Minor,0.301,85.075,0.642
Snoop Dogg,Lodi Dodi (feat. Nancy Fletcher),55,0.0114,0.49,0.763,0,G#,0.138,-3.802,Major,0.108,79.015,0.632
Black Stone Cherry,Stay,47,0.0285,0.423,0.872,0,D#,0.122,-3.199,Major,0.0498,141.855,0.493
K CAMP,Comfortable,66,0.72,0.775,0.417,0,G,0.125,-8.895,Minor,0.0974,109.956,0.608
Hugo Wolf,"Wolf: Italienisches Liederbuch: No. 20, ""Mein Liebster singt am Haus"" (Live)",29,0.98,0.33,0.0574,0.0016,G,0.123,-25.76,Minor,0.0529,64.303,0.04
Cream,Dance The Night Away,37,0.0043,0.348,0.608,0.0027,A,0.0777,-13.209,Minor,0.0399,127.855,0.644
Thom Yorke,An Audition,33,0.0147,0.198,0.397,0.513,D#,0.121,-13.971,Major,0.0429,86.788,0.0395
Avatar,The Eagle has Landed,45,0.0007,0.455,0.942,0.0015,D,0.304,-6.513,Major,0.0673,170.22,0.319
T. Rex,Mystic Lady,31,0.0032,0.45,0.645,0,G,0.242,-9.337,Major,0.0491,108.096,0.523
Roy Hargrove,Starmaker,31,0.802,0.457,0.264,0.736,G,0.092,-13.703,Major,0.0301,112.141,0.14
Franz Schubert,"Impromptus, D 899, Op. 90: III. Andante",52,0.993,0.265,0.0184,0.903,F#,0.0865,-27.585,Major,0.0362,64.471,0.0423
Ludwig van Beethoven,"Symphony No. 8 in F Major, Op. 93: II. Allegretto scherzando",30,0.979,0.456,0.0645,0.461,A#,0.0895,-18.806,Major,0.0383,77.596,0.3
X Ambassadors,Baptize Me,53,0.0323,0.562,0.511,0.0002,F,0.206,-7.96,Major,0.0375,135.009,0.134
Dion Timmer,Because Of You,31,0.0874,0.71,0.965,0.0161,C#,0.276,-1.04,Major,0.0509,140.01,0.336
Víkingur Ólafsson,For Jóhann,45,0.994,0.629,0.0914,0.947,C,0.0864,-33.589,Minor,0.0406,111.454,0.241
Etta James,Trust In Me,51,0.841,0.491,0.357,0,A#,0.128,-7.378,Minor,0.0325,96.235,0.584
Nicki Minaj,Rich Sex (feat. Lil Wayne),66,0.0517,0.879,0.635,0,A,0.0786,-5.098,Major,0.258,146.972,0.568
Waka Flocka Flame,No Hands (feat. Roscoe Dash and Wale),73,0.0054,0.76,0.595,0,C#,0.241,-6.366,Major,0.0391,131.497,0.361
Sum 41,Never There,50,0.0029,0.517,0.561,0,D,0.556,-5.364,Major,0.0351,139.959,0.149
Lecrae,I'll Find You,58,0.131,0.745,0.682,0,F,0.119,-5.85,Minor,0.0964,135.065,0.198
Frédéric Chopin,"Waltz in A Minor, Op. 34 No. 2",29,0.995,0.266,0.0143,0.897,A,0.0801,-30.516,Minor,0.0381,70.89,0.0498
Real Estate,Beach Comber,56,0.0832,0.392,0.835,0.0098,C,0.0769,-6.553,Major,0.0596,144.641,0.12
Third Eye Blind,Blinded [When I See You],42,0.0025,0.525,0.944,0.0001,F,0.248,-3.327,Major,0.0403,108.8,0.593
Harold Budd,Steal Away - 2004 Digital Remaster,36,0.995,0.494,0.0016,0.946,A#,0.0785,-37.57,Major,0.0521,79.899,0.0964
Taylor Ray Holbrook,What If (feat. Magnolia Vale),38,0.0436,0.278,0.495,0,D#,0.0779,-6.042,Major,0.0376,203.358,0.517
Alan Jackson,You Can Always Come Home,40,0.148,0.564,0.568,0.0073,E,0.184,-10.103,Major,0.0366,141.95,0.386
Jauz,Gassed Up,58,0.0057,0.625,0.99,0.581,A,0.135,-0.839,Major,0.178,74.999,0.594
Yusef Lateef,The Plum Blossom - Rudy Van Gelder Remaster,38,0.995,0.64,0.122,0.883,A,0.18,-22.617,Major,0.0719,144.338,0.742
A$AP Mob,Crazy Brazy,59,0.32,0.755,0.629,0,C,0.126,-8.284,Major,0.312,143.083,0.591
Vince Guaraldi Trio,Happiness Is,40,0.93,0.47,0.0769,0.903,C,0.11,-19.812,Major,0.036,135.852,0.237
Baauer,One Touch (feat. AlunaGeorge and Rae Sremmurd),57,0.0309,0.733,0.547,0,F#,0.0882,-7.79,Minor,0.0776,96.056,0.268
Twenty One Pilots,Jumpsuit,78,0.0085,0.62,0.61,0.162,B,0.205,-8.329,Minor,0.0373,127.052,0.235
Wolfgang Amadeus Mozart,"Requiem in D Minor, K. 626 (Süssmayr - Dutron 2016 completion): II. Sequentia - Tuba mirum",34,0.972,0.188,0.0896,0.002,A#,0.142,-25.363,Major,0.0482,87.181,0.106
Yandel,Encantadora - Remix,62,0.172,0.644,0.895,0,G#,0.285,-3.669,Major,0.0469,169.98,0.887
Tim Atlas,Unwind,54,0.81,0.488,0.562,0.0019,A,0.125,-8.278,Minor,0.208,80.018,0.767
Fitz and The Tantrums,Out Of My League,64,0.0387,0.545,0.968,0.0033,A,0.331,-3.553,Minor,0.0853,169.965,0.527
NF,Motivated,55,0.05,0.499,0.818,0,G,0.11,-5.179,Major,0.37,81.104,0.407
Nipsey Hussle,Young Nigga (feat. Puff Daddy),57,0.261,0.502,0.64,0,B,0.118,-5.674,Minor,0.357,99.804,0.113
Current Joys,A Different Age,54,0.637,0.627,0.371,0.0643,D,0.0759,-10.621,Major,0.0269,143.935,0.361
Futuristic,Too Easy,55,0.0318,0.865,0.807,0,C#,0.153,-5.563,Minor,0.154,130.054,0.492
Death Cab for Cutie,Marching Bands of Manhattan,49,0.565,0.361,0.47,0.0004,C,0.0728,-9.765,Major,0.0324,200.273,0.431
Ski Mask The Slump God,Rambo,55,0.0594,0.727,0.598,0,C#,0.0703,-6.68,Major,0.0607,132.001,0.491
Erykah Badu,Next Lifetime,60,0.147,0.64,0.427,0.0011,G#,0.0952,-11.867,Minor,0.0619,130.006,0.341
Aretha Franklin,You're All I Need to Get By - Take 2,38,0.87,0.701,0.44,0.0028,A,0.245,-8.096,Major,0.0386,83.538,0.487
Zero 7,Simple Science,26,0.0233,0.687,0.701,0.0448,C,0.111,-9.132,Major,0.036,116.986,0.745
Pixies,Gouge Away,51,0.0018,0.66,0.412,0.0295,E,0.0997,-14.174,Major,0.0337,125.617,0.499
Michael Haydn,"Missa Tempore Quadragesimae, MH 553: Agnus Dei",32,0.988,0.225,0.0863,0.0654,F#,0.108,-19.298,Minor,0.0465,141.046,0.0393
Amilcare Ponchielli,"La Gioconda / Act 2: ""Cielo e mar""",30,0.981,0.15,0.203,0.0222,D#,0.0758,-17.798,Major,0.0452,67.182,0.0834
Jeremy Camp,Same Power,61,0.0151,0.419,0.69,0,G,0.093,-4.396,Major,0.0353,171.933,0.345
Pascal Rogé,Noel In Midnight,33,0.982,0.436,0.0129,0.777,A#,0.0821,-31.187,Major,0.0514,75.046,0.147
Carly Pearce,Everybody Gonna Talk,37,0.0198,0.593,0.858,0,F#,0.147,-4.555,Major,0.0378,95.039,0.56
XXXTENTACION,"I don’t even speak spanish lol - feat. Rio Santana, Judah, Carlos Andrez",74,0.118,0.767,0.561,0,D,0.0737,-7.418,Minor,0.0509,90.021,0.542
Whiskey Myers,Lightning Bugs and Rain,50,0.0018,0.473,0.888,0,A,0.0435,-6.343,Major,0.0587,77.622,0.853
Antonio Vivaldi,"Orlando Furioso, RV 728, Act II, Scene 11: Cosi potessi anch'io",41,0.977,0.342,0.0696,0.0007,D#,0.105,-22.44,Major,0.0686,77.02,0.0968
Carl Philipp Emanuel Bach,II. Un poco andante,0,0.909,0.124,0.0616,0.123,D,0.103,-23.056,Major,0.0411,76.139,0.121
Smash Mouth,Walkin' On The Sun,65,0.43,0.735,0.974,0,F#,0.145,-4.636,Major,0.0318,123.29,0.967
Runaway June,Lipstick,45,0.124,0.485,0.794,0,D,0.0892,-3.762,Major,0.0435,171.168,0.33
J. Cole,Dollar And A Dream III,56,0.516,0.42,0.726,0,D#,0.0907,-7.113,Minor,0.415,76.585,0.316
Keith Urban,Even The Stars Fall 4 U,40,0.0047,0.644,0.949,0,D,0.362,-4.323,Major,0.0434,130.016,0.889
Randy Travis,Baptism,39,0.26,0.573,0.416,0,D,0.107,-9.686,Major,0.0255,134.189,0.313
T. Rex,Planet Queen - Remastered,30,0.26,0.636,0.659,0.0018,E,0.424,-11.306,Minor,0.0653,81.115,0.966
Orleans,Still the One,46,0.0217,0.57,0.6,0,E,0.0957,-11.618,Major,0.039,143.861,0.611
La Unión,Lobo-Hombre En Paris,71,0.0388,0.637,0.95,0.0001,A,0.0529,-7.547,Major,0.0736,146.29,0.622
Sabrina Claudio,Control,49,0.405,0.768,0.483,0.0022,G,0.121,-7.619,Minor,0.0907,133.056,0.174
Future,Draco,59,0.0007,0.804,0.456,0,G#,0.31,-7.44,Major,0.0468,130.014,0.165
Daft Punk,The Son of Flynn - Remixed by Moby,41,0.565,0.634,0.856,0.914,G,0.294,-7.474,Minor,0.0311,106.005,0.204
Alfred Hill,Lullaby,48,0.994,0.405,0.0036,0.84,C#,0.0969,-32.711,Major,0.0508,71.337,0.251
Wolfgang Amadeus Mozart,Mozart : Fantasia in D minor K397,29,0.993,0.434,0.0279,0.935,D,0.098,-26.899,Major,0.0532,131.933,0.121
Bowling For Soup,High School Never Ends - Main Version - Explicit,63,0.0122,0.536,0.923,0,D,0.142,-3.494,Major,0.125,160.03,0.77
Deca,The Veil,35,0.182,0.759,0.892,0,F#,0.0501,-3.38,Major,0.315,80.532,0.936
Hatebreed,Looking Down The Barrel Of Today,57,0.0007,0.487,0.987,0.0506,C#,0.284,-4.71,Major,0.0812,180.065,0.499
Federico Mompou,Música Callada III,47,0.996,0.268,0.0047,0.861,A#,0.0655,-32.597,Major,0.0476,73.997,0.242
Brandon Heath,Faith Hope Love Repeat,43,0.655,0.593,0.586,0,A,0.0904,-5.541,Major,0.0483,148.1,0.417
Palaye Royale,Ma Chérie (feat. Kellin Quinn),47,0.0018,0.452,0.949,0,A,0.304,-2.967,Major,0.0694,144.988,0.402
Radiohead,The Bends,55,0.0117,0.288,0.757,0.14,C,0.363,-8.065,Major,0.0652,89.694,0.311
Wolfgang Amadeus Mozart,"Die Zauberflöte, K. 620, Act II Scene 3: Der Hölle Rache (Königin der Nacht)",22,0.963,0.535,0.213,0.0001,F,0.188,-14.996,Major,0.0686,73.956,0.159
Cowboy Junkies,Sweet Jane,47,0.359,0.604,0.204,0.0829,G,0.111,-22.191,Major,0.0316,167.335,0.805
a-ha,Soft Rains of April,0,0.348,0.544,0.445,0.001,D,0.221,-16.22,Major,0.0278,101.95,0.145
Pop Evil,Trenches,57,0.0002,0.547,0.95,0.0096,C,0.166,-3.482,Major,0.0577,100.008,0.594
Lil Wayne,How To Hate,49,0.222,0.402,0.754,0,G,0.527,-5.955,Major,0.0874,145.493,0.246
Richard Skelton,Threads Across the River,39,0.872,0.121,0.27,0.746,F,0.176,-13.276,Minor,0.0421,71.806,0.035
Layla Zoe,Gemini Heart,32,0.682,0.469,0.445,0.0007,A#,0.119,-8.452,Major,0.0286,107.865,0.237
Paul Oakenfold,Cafe Del Mar - Radio Edit,39,0.0044,0.509,0.904,0.843,C,0.653,-7.045,Major,0.0405,132.009,0.153
Martha Argerich,"Sonata in d major Op. 94a for violin and piano, I Moderato",27,0.929,0.241,0.122,0.144,A,0.27,-23.798,Major,0.0439,83.103,0.191
Philip Glass,Something She Has to Do,37,0.94,0.134,0.0338,0.978,F,0.0967,-28.421,Major,0.0368,97.06,0.0339
Rage Against The Machine,Bullet In The Head,54,0.0067,0.431,0.855,0.0011,A,0.639,-4.205,Major,0.15,163.014,0.397
César Franck,"Sonata for Piano and Violin in A Major, FW 8: I. Allegro ben moderato",39,0.969,0.248,0.0364,0.047,A,0.0632,-25.313,Major,0.0413,134.059,0.0379
Widespread Panic,Nobody's Loss,23,0.457,0.497,0.363,0,G,0.0967,-8.61,Major,0.0236,98.493,0.18
Frederick Delius,Air and Dance,30,0.861,0.0744,0.0963,0.901,A,0.0667,-22.683,Minor,0.0419,74.359,0.0398
Virtual Riot,Talk About It (Virtual Riot Remix) [feat. Desirée Dawson],40,0.0065,0.591,0.913,0.0002,G,0.37,-3.974,Major,0.0668,145.034,0.361
The 1975,Milk,53,0.0056,0.434,0.986,0.0757,A#,0.314,-5.442,Minor,0.309,143.071,0.144
Ludwig van Beethoven,"String Quartet No. 14 in C-Sharp Minor, Op. 131: VI. Adagio quasi un poco andante",22,0.954,0.173,0.0485,0.813,G#,0.215,-26.573,Minor,0.0491,83.272,0.0347
Moby,Like a Motherless Child - Broken Places Remix,30,0.0018,0.573,0.858,0.301,D,0.208,-6.335,Major,0.0497,101.984,0.241
Wolfgang Amadeus Mozart,"Piano Concerto No. 1 in F Major, K. 37: I. Allegro",29,0.989,0.309,0.134,0.934,F,0.152,-21.138,Major,0.0372,133.375,0.222
Deeb,Swiss,35,0.434,0.504,0.455,0.902,D#,0.108,-10.046,Minor,0.0335,171.94,0.248
Adam Doleac,Shady,35,0.0373,0.631,0.812,0,C,0.108,-3.433,Major,0.0343,118.102,0.621
Kill The Noise,Dolphin On Wheels,38,0.0033,0.725,0.98,0.326,C#,0.129,-3.685,Major,0.147,129.97,0.0707
Frédéric Chopin,"Chopin: 3 Mazurkas, Op. 56: No. 1 in B Major",43,0.994,0.285,0.0184,0.879,B,0.0914,-28.16,Major,0.0364,77.077,0.0942
Seven Lions,Ocean (feat. Jonathan Mendelsohn) - Grant Remix,38,0.3,0.623,0.825,0.0024,F,0.284,-6.788,Minor,0.0607,100.052,0.579
Soil,Breaking Me Down,64,0.0003,0.522,0.972,0,B,0.183,-4.141,Major,0.138,151.034,0.747
Underworld,Dirty Epic - Remastered,37,0.0141,0.585,0.907,0.873,B,0.332,-9.112,Minor,0.0475,119.962,0.436
Camille Saint-Saëns,Carnival of the Animals: XIII. Le Cygne (The Swan),43,0.978,0.19,0.0144,0.193,A,0.0646,-35.651,Minor,0.0443,59.176,0.0542
Freddie Gibbs,Palmolive (feat. Pusha T & Killer Mike),64,0.601,0.33,0.603,0.0006,C,0.307,-7.571,Major,0.36,168.456,0.812
The Weeknd,"Earned It (Fifty Shades Of Grey) - From The ""Fifty Shades Of Grey"" Soundtrack",78,0.391,0.66,0.382,0,D,0.0972,-5.919,Minor,0.0304,119.875,0.436
Aaron Lewis,Country Boy (feat. George Jones & Charlie Daniels),64,0.296,0.595,0.667,0,F#,0.109,-6.442,Major,0.034,121.949,0.272
Owen Campbell,Sunshine Road,31,0.247,0.674,0.629,0,B,0.0835,-8.708,Minor,0.0717,89.057,0.626
Chris Robinson Brotherhood,Dice Game,27,0.231,0.528,0.62,0.0001,G,0.129,-9.277,Major,0.0293,137.751,0.29
DaBaby,Beeper,51,0.0398,0.591,0.708,0,A#,0.184,-5.586,Minor,0.409,131.589,0.318
Wiz Khalifa,Real Rich (feat. Gucci Mane),68,0.0353,0.947,0.441,0,D,0.111,-9.311,Major,0.135,125.01,0.275
EARTHGANG,Missed Calls,60,0.0078,0.789,0.665,0,A,0.109,-5.201,Major,0.0665,127.914,0.324
Snarky Puppy,Shofukan,52,0.0642,0.426,0.754,0.765,E,0.701,-9.125,Minor,0.074,167.42,0.228
The Black Crowes,She Talks to Angels,41,0.253,0.38,0.34,0.0018,E,0.305,-12.599,Major,0.0307,145.99,0.182
Jordan Rager,One of the Good Ones,45,0.0335,0.505,0.872,0,E,0.0832,-5.182,Major,0.0561,160.069,0.603
Azealia Banks,Anna Wintour,60,0.0028,0.684,0.901,0.0012,G,0.0232,-5.2,Major,0.0843,121.988,0.485
The Strokes,Automatic Stop,57,0.0034,0.68,0.536,0.737,C#,0.0884,-6.078,Major,0.0384,105.917,0.959
Giovanni Battista Sammartini,II. Adagio,0,0.946,0.255,0.0537,0.013,F#,0.102,-20.262,Minor,0.0408,96.366,0.0886
Giacomo Puccini,"Puccini: Madama Butterfly, Act 2 Scene 1: ""Un bel di vedremo"" (Butterfly)",36,0.991,0.209,0.129,0.0526,C#,0.0788,-13.94,Major,0.043,77.514,0.073
Percy Grainger,Irish Tune from County Derry,38,0.988,0.0709,0.0255,0.898,F,0.098,-22.677,Major,0.0414,77.388,0.0396
Fabolous,Ooh Yea (feat. Ty Dolla $ign),62,0.659,0.77,0.607,0,A#,0.159,-6.102,Minor,0.372,150.006,0.747
Gary Clark Jr.,Shake (feat. Leon Bridges with Jeff Dazey) - Live,34,0.021,0.478,0.818,0.0109,F#,0.725,-7.3,Minor,0.0432,106.605,0.564
Slayer,Raining Blood,59,0.0005,0.295,0.995,0.36,C#,0.127,-4.423,Minor,0.2,110.25,0.0376
Shinedown,Breaking Inside (feat. Lzzy Hale of Halestorm),41,0.0684,0.466,0.912,0,D,0.0892,-3.423,Minor,0.0474,151.977,0.416
Etta James,Spoonful - Single Version,33,0.606,0.63,0.544,0,C#,0.078,-6.759,Major,0.0355,112.104,0.505
Sheck Wes,Do That,64,0.263,0.782,0.508,0.0706,A,0.157,-7.153,Major,0.231,137.954,0.356
T-Pain,Best Love Song,62,0.126,0.481,0.818,0,G,0.4,-2.684,Major,0.0833,79.842,0.633
Jimmie Allen,Make Me Want To,70,0.0793,0.519,0.872,0,D,0.111,-3.212,Major,0.0616,179.965,0.74
Gucci Mane,Bling Blaww Burr (feat. Young Dolph),53,0.0474,0.867,0.51,0,C#,0.437,-6.163,Major,0.161,118.02,0.128
Big Gigantic,High Life,22,0.0047,0.456,0.893,0.0002,F,0.364,-6.348,Minor,0.643,184.102,0.56
Dead by April,Losing You,42,0.014,0.174,0.912,0,D,0.306,-4.208,Minor,0.128,179.946,0.188
Real Estate,Had To Hear,62,0.135,0.556,0.765,0.732,G,0.149,-7.474,Major,0.0319,125.72,0.499
Kid Ink,Cana (feat. 24hrs),61,0.0572,0.853,0.541,0,D#,0.0875,-6.739,Minor,0.125,125.035,0.669
Arctic Monkeys,Baby I'm Yours,55,0.215,0.462,0.595,0,D,0.184,-9.363,Major,0.0347,113.719,0.64
2 LIVE CREW,Me So Horny,53,0.0047,0.941,0.727,0.0008,C,0.177,-11.592,Major,0.228,128.746,0.623
OutKast,Babylon,48,0.0943,0.77,0.444,0,A#,0.0861,-12.226,Minor,0.441,83.375,0.418
Cold California,"You, Me and Country Music",41,0.067,0.611,0.674,0,G,0.0952,-6.981,Major,0.0322,125.978,0.467
Josh Turner,Would You Go With Me,64,0.131,0.604,0.846,0.0011,F#,0.11,-5.26,Major,0.0288,122.915,0.774
Art Tatum,Stay as Sweet as You Are (arr. A. Tatum),36,0.982,0.51,0.204,0.925,F#,0.106,-17.513,Major,0.0371,61.908,0.728
Flatbush Zombies,A Spike Lee Joint (feat. Anthony Flammia),54,0.139,0.785,0.511,0.0002,F#,0.657,-12.335,Major,0.211,105.639,0.484
Freddie Gibbs,Freestyle S**t,61,0.24,0.45,0.55,0,G,0.292,-7.825,Major,0.154,85.515,0.552
Steve Wariner,Holes In The Floor Of Heaven,54,0.54,0.66,0.34,0,C#,0.0804,-10.113,Major,0.027,108.946,0.384
Fatboy Slim,Love Island,26,0.113,0.76,0.988,0.838,C,0.195,-7.328,Major,0.0868,126.677,0.392
NF,Motivated,55,0.05,0.499,0.818,0,G,0.11,-5.179,Major,0.37,81.104,0.407
Frederick Delius,American Rhapsody,36,0.975,0.135,0.0157,0.917,C#,0.0837,-22.789,Major,0.0367,97.5,0.0553
Aretha Franklin,Bridge over Troubled Water,58,0.755,0.498,0.302,0.0003,A#,0.0888,-12.529,Major,0.0329,77.999,0.386
Francis Poulenc,"Improvisations, FP 63: No. 9 in D Major",2,0.994,0.311,0.139,0.94,D,0.201,-22.182,Major,0.039,74.112,0.284
Queens of the Stone Age,Fortress,50,0.0151,0.477,0.737,0.0015,B,0.0893,-5.98,Minor,0.0346,121.833,0.325
Weezer,Why Bother?,50,0.0309,0.55,0.965,0,D#,0.11,-3.819,Major,0.0679,140.344,0.601
Chris Brown,Superhuman (feat. Keri Hilson),59,0.133,0.499,0.623,0,G#,0.159,-6.316,Major,0.0518,143.485,0.318
Franz Liszt,Première année: Suisse S.160: II.Au lac de Wallenstadt,34,0.994,0.292,0.0076,0.928,G#,0.159,-35.352,Major,0.0351,70.707,0.0409
Catfish and the Bottlemen,Business,61,0.0002,0.482,0.851,0.0009,A,0.0896,-3.727,Major,0.0503,142.015,0.368
Depeche Mode,Just Can't Get Enough - 2006 Remastered Version,63,0.407,0.759,0.779,0.061,C,0.159,-9.375,Major,0.0347,128.211,0.918
Collin Raye,My Kind of Girl,35,0.42,0.75,0.823,0,B,0.281,-6.035,Major,0.0305,115.96,0.963
Jean Michael,Weed & Memories,56,0.181,0.52,0.407,0.0003,B,0.316,-12.785,Minor,0.0979,84.33,0.263
Jóhann Jóhannsson,"Good Night, Day",45,0.61,0.154,0.119,0.929,A,0.064,-22.124,Minor,0.0437,135.78,0.0371
Andrea Bocelli,The Christmas Song,30,0.782,0.262,0.314,0,E,0.0953,-8.912,Minor,0.0301,105.72,0.147
Wolfmother,City Lights,36,0.0001,0.446,0.96,0.0679,G,0.362,-2.952,Major,0.11,163.985,0.6
Shoffy,Let Go Today,61,0.182,0.84,0.193,0,G#,0.173,-11.186,Major,0.0696,99.99,0.204
Playboi Carti,Foreign,67,0.0906,0.762,0.705,0,F#,0.17,-5.195,Minor,0.165,122.955,0.264
Kodak Black,Unexplainable,55,0.0721,0.672,0.422,0,F,0.114,-6.121,Major,0.441,178.055,0.305
Dave Brubeck,I'm in a Dancing Mood,42,0.599,0.46,0.435,0.161,G,0.0878,-12.681,Minor,0.0315,139.684,0.58
Greta Van Fleet,Age Of Man,65,0.0377,0.46,0.601,0.715,F#,0.0954,-5.486,Minor,0.0304,136.912,0.247
Larry Young,The Cradle: The Cradle,31,0.992,0.364,0.0707,0.914,G,0.127,-22.541,Minor,0.0528,89.525,0.256
TV On The Radio,Young Liars,55,0.0312,0.473,0.691,0.004,C,0.147,-7.984,Major,0.0248,82.118,0.421
A-Trak,DJs Gotta Dance More,53,0.141,0.743,0.889,0.0195,B,0.125,-4.179,Minor,0.102,120.008,0.335
Future,I'm so Groovy,63,0.0418,0.938,0.478,0.0088,C#,0.0801,-9.739,Major,0.265,138.059,0.386
Paul Hardcastle,Easy Street,27,0.579,0.674,0.627,0.731,D,0.127,-9.297,Major,0.0359,93.006,0.579
Joe Bonamassa,Evil Mama,43,0.0005,0.561,0.926,0.0174,B,0.0563,-5.022,Minor,0.0625,95.006,0.775
Coheed and Cambria,The Suffering,52,0.0114,0.55,0.917,0,B,0.221,-5.075,Major,0.096,156.958,0.879
Cartel De Santa,El Arte del Engaño,65,0.0344,0.617,0.659,0.0005,A,0.11,-8.29,Minor,0.327,176.989,0.591
Broken Social Scene,Lover's Spit,43,0.0023,0.326,0.603,0.415,C,0.0573,-6.933,Major,0.0276,77.914,0.17
Gustav Mahler,"Symphony No. 3, Part II: No. 2. Tempo di Menuetto. Sehr mäßig",38,0.949,0.238,0.0287,0.158,A,0.0979,-29.544,Major,0.0453,91.881,0.136
Howard Shore,Concerning Hobbits,64,0.843,0.488,0.0629,0.406,D,0.133,-21.524,Major,0.0342,104.311,0.175
Tom MacDonald,American Dreamz,42,0.241,0.521,0.569,0,C,0.121,-13.615,Major,0.54,95.316,0.425
BROCKHAMPTON,STAINS,57,0.474,0.643,0.662,0,A#,0.237,-7.226,Minor,0.0993,113.022,0.645
Duncan Sheik,Barely Breathing,59,0.0281,0.482,0.807,0,C,0.177,-6.976,Major,0.0457,187.918,0.516
The Marshall Tucker Band,Southern Woman,30,0.0729,0.527,0.557,0.0964,D,0.105,-6.883,Major,0.0288,72.28,0.615
Rico Nasty,Rage,56,0.0372,0.836,0.901,0.0004,D,0.136,-3.351,Major,0.321,140.031,0.728
Daryl Hall & John Oates,Kiss on My List,61,0.434,0.815,0.741,0.111,C,0.0689,-9.478,Major,0.031,121.221,0.965
Vigiland,Never Going Home,58,0.0203,0.745,0.879,0,A,0.33,-4.134,Major,0.0436,128.082,0.917
Big Brother & The Holding Company,Combination of the Two,33,0.0134,0.37,0.918,0.0434,A,0.607,-10.685,Major,0.187,152.79,0.362
Rodney Atkins,About The South,41,0.0304,0.64,0.939,0,G#,0.31,-3.537,Major,0.0677,138.922,0.857
AFI,Prelude 12/21,49,0.104,0.599,0.657,0,D#,0.121,-9.43,Minor,0.128,74.938,0.519
Damien Rice,Delicate,55,0.679,0.351,0.142,0.0008,F,0.107,-14.556,Major,0.0394,85.87,0.182
JPEGMAFIA,Real Nega,54,0.0079,0.61,0.952,0.0032,F,0.172,-2.501,Minor,0.315,140.065,0.332
Jim Capaldi,Old Photographs,36,0.504,0.306,0.313,0.0005,F#,0.213,-13.138,Major,0.032,130.014,0.221
Styx,Fooling Yourself (The Angry Young Man),47,0.133,0.375,0.462,0.0004,D,0.115,-13.534,Major,0.0305,102.85,0.537
Jimi Hendrix,Stop - Live at the Fillmore East,41,0.376,0.409,0.763,0,B,0.476,-8.359,Major,0.0726,80.757,0.601
Johann Sebastian Bach,"Suites for Cello, Suite No. 1 in G Major BWV 1007: Gigue",31,0.985,0.583,0.0764,0.889,G,0.143,-21.222,Major,0.0922,123.132,0.536
Pyotr Ilyich Tchaikovsky,"Souvenir d'un lieu cher, Op. 42, TH 116: III. Mélodie",33,0.966,0.156,0.152,0.317,D#,0.0949,-19.119,Major,0.0444,82.33,0.0887
Russ,Family & Friends,54,0.711,0.782,0.367,0,A#,0.102,-10.861,Major,0.305,134.986,0.606
Art Pepper,You Go To My Head,59,0.978,0.575,0.0935,0.452,D#,0.109,-15.906,Major,0.0858,65.23,0.301
Portico Quartet,Knee-Deep in the North Sea,46,0.873,0.391,0.33,0.944,C,0.104,-12.07,Minor,0.0291,110.219,0.179
Johann Strauss II,Le Beau Danube (The Blue/Beautiful Danube),37,0.977,0.41,0.0715,0.931,D,0.0673,-18.99,Major,0.0331,94.884,0.285
Johann Sebastian Bach,"Gottes Zeit ist die allerbeste Zeit, Sonatina az ""Actus tragicus""-ból, BWV 106",43,0.996,0.457,0.0252,0.875,D#,0.0975,-35.116,Major,0.0621,74.137,0.168
Temple Of The Dog,Say Hello 2 Heaven,55,0.0841,0.306,0.639,0,C,0.371,-9.91,Major,0.0336,149.686,0.293
The Budos Band,Aynotchesh Yererfu,33,0.0629,0.605,0.644,0.884,C,0.102,-7.914,Minor,0.0256,104,0.956
Midland,The Gator Boys - iHeart Radio Live,42,0.0636,0.531,0.573,0,G,0.584,-10.843,Major,0.0558,93.965,0.569
Sergei Rachmaninoff,"Vocalise, Op. 34, No. 14 (Arr. for Cello and Piano)",35,0.991,0.156,0.0304,0.942,C#,0.136,-25.842,Minor,0.039,92.59,0.0611
Tangerine Dream,One Night in Space,30,0.089,0.677,0.843,0.762,C,0.0939,-10.278,Major,0.0327,120.01,0.495
T-Pain,Keep This from Me,53,0.0871,0.51,0.626,0,C#,0.263,-6.15,Minor,0.332,80.795,0.516
Lil Peep,Absolute in Doubt,66,0.0219,0.733,0.66,0,E,0.151,-6.87,Minor,0.0436,138.034,0.259
Logan Mize,Somebody to Thank,59,0.0205,0.615,0.675,0,D,0.111,-4.717,Major,0.0263,135.966,0.512
Akira Kosemura,South Wind,38,0.893,0.652,0.358,0.0417,F#,0.11,-10.947,Minor,0.031,144.904,0.385
Spirit,Like A Rolling Stone,31,0.0025,0.318,0.691,0.195,E,0.125,-9.239,Major,0.0365,79.939,0.384
Johann Sebastian Bach,"Suite No. 5 in C Minor, BWV 1011: V. Gavotte & VI. Gavotte",0,0.963,0.246,0.0936,0.884,B,0.113,-20.937,Minor,0.0696,66.532,0.413
Led Zeppelin,The Rain Song - Remastered,61,0.317,0.336,0.318,0.0716,C,0.111,-11.412,Major,0.0263,79.66,0.24
Andrea Bocelli,La luna che non c'e,34,0.789,0.385,0.488,0,D,0.0983,-6.713,Major,0.0358,147.679,0.239
Ty Segall,Finger,47,0.0004,0.237,0.481,0.0052,G#,0.0512,-3.68,Major,0.0337,143.719,0.133
Elizabeth Cotten,Freight train,35,0.979,0.397,0.203,0.193,A#,0.106,-18.596,Major,0.0292,103.885,0.489
Randy Travis,I Won't Need You Anymore,36,0.344,0.574,0.254,0,G,0.39,-13.253,Major,0.0279,113.445,0.382
A$AP Rocky,Jukebox Joints,61,0.303,0.284,0.797,0,D,0.242,-5.293,Minor,0.158,67.984,0.556
Justin Moore,Point At You,52,0.0126,0.626,0.805,0,G,0.156,-5.81,Major,0.0449,116.03,0.882
Jake Owen,Drivin' All Night,35,0.251,0.54,0.903,0.0012,G#,0.106,-5.466,Major,0.0264,133.001,0.613
Rich Brian,Flight,55,0.111,0.77,0.564,0.0031,C,0.103,-5.615,Major,0.0421,97.35,0.348
Carl Philipp Emanuel Bach,"Andante con tenerezza, H. 135, Wq. 65/32",0,0.994,0.326,0.0112,0.929,A,0.0578,-28.63,Minor,0.0491,70.847,0.176
The Neighbourhood,Daddy Issues,75,0.0678,0.588,0.521,0.149,A#,0.123,-9.461,Major,0.0329,85.012,0.337
Robin Trower,Coming Closer to the Day,26,0.247,0.6,0.478,0.0005,C,0.146,-10.132,Minor,0.026,91.137,0.638
The Whispers,It's a Love Thing,34,0.0723,0.767,0.693,0.0001,F,0.302,-8.089,Minor,0.113,118.421,0.932
Joe Bonamassa,Redemption,39,0.073,0.431,0.69,0.06,G,0.293,-7.42,Major,0.0338,148.335,0.192
Wolfgang Amadeus Mozart,"Symphony No.29 In A, K.201: 1. Allegro moderato - Live",32,0.926,0.327,0.109,0.72,A,0.133,-18.626,Major,0.0478,152.25,0.461
Rawtek,Zuri,22,0.0072,0.703,0.939,0.173,B,0.161,-2.69,Minor,0.0547,127.976,0.332
Young Thug,Webbie (feat. Duke),56,0.123,0.696,0.589,0,C#,0.134,-7.033,Minor,0.295,78.52,0.273
Clint Black,Put Yourself In My Shoes,42,0.58,0.737,0.41,0,A,0.25,-11.088,Major,0.0353,104.647,0.397
Eric Whitacre,Five Hebrew Love Songs: Temuná (A Picture),28,0.98,0.143,0.0491,0.932,G,0.064,-29.526,Major,0.056,73.212,0.0382
Stan Getz,Vivo Sonhando,48,0.912,0.455,0.162,0.0152,G,0.141,-15.6,Major,0.0516,140.889,0.412
Philip Glass,Mad Rush,42,0.984,0.188,0.0376,0.923,F,0.0801,-24.388,Major,0.0431,114.23,0.0394
Moderat,No. 22,41,0.0391,0.614,0.531,0.826,B,0.267,-13.331,Minor,0.0518,138.045,0.0394
John Dowland,Lute Music - England: Melancholy Galliard,29,0.968,0.484,0.0572,0.856,G#,0.107,-23.177,Major,0.0511,84.375,0.23
Chet Baker,Summertime,41,0.934,0.593,0.213,0.861,D,0.128,-17.236,Minor,0.0338,82.057,0.565
Billy Currington,Must Be Doin' Somethin' Right,60,0.203,0.483,0.625,0,A,0.0484,-3.848,Major,0.027,167.975,0.366
Skillet,The Last Night,55,0.0253,0.358,0.856,0,D,0.233,-2.934,Major,0.0471,169.81,0.542
George Frideric Handel,"Messiah, HWV 56, Pt. II: No. 44, Chorus ""Hallelujah""",42,0.954,0.38,0.282,0.81,C#,0.0988,-13.146,Major,0.0319,62.395,0.294
Ty March.,Mr. Right Now,49,0.291,0.621,0.807,0,G#,0.249,-5.868,Major,0.0475,139.98,0.763
Anderson East,All On My Mind - Acoustic,45,0.69,0.483,0.487,0,C#,0.108,-6.376,Minor,0.158,108.944,0.298
Zeds Dead,Neck And Neck - DNMO Remix,59,0.0219,0.598,0.594,0.125,F,0.126,-7.233,Minor,0.0386,150.03,0.316
Dirt Monkey,No Escape,37,0.004,0.647,0.899,0.254,F,0.301,-4.025,Major,0.0482,145.06,0.392
Galactic,Sugar Doosie,25,0.0148,0.512,0.899,0.193,F,0.256,-4.706,Minor,0.162,96.148,0.715
The White Stripes,"Apple Blossom - From ""The Hateful Eight"" Soundtrack",22,0.409,0.496,0.42,0.0004,A,0.095,-9.043,Major,0.0589,126.339,0.684
Franz Liszt,"Ständchen in D Minor (After Schubert), S. 560",48,0.993,0.341,0.0142,0.921,D,0.113,-28.293,Major,0.0388,76.382,0.0384
Bill Evans Trio,Minha (All Mine) - Live,43,0.911,0.271,0.221,0.804,B,0.705,-18.495,Minor,0.0399,73.612,0.156
G-Eazy,Opportunity Cost,57,0.437,0.613,0.417,0,C,0.469,-11.122,Major,0.698,137.267,0.285
The Afters,Well Done,60,0.304,0.395,0.542,0,A,0.107,-7.646,Major,0.0339,135.972,0.216
Jon Hopkins,Lost In Thought,55,0.636,0.62,0.318,0.879,C#,0.118,-15.88,Major,0.0399,150.379,0.2
Creedence Clearwater Revival,Susie Q,54,0.0964,0.648,0.556,0.0008,A,0.124,-13.607,Minor,0.0408,128.237,0.94
B0nds,smoke n mirrors,1,0.905,0.655,0.258,0.931,E,0.0777,-7.614,Minor,0.0707,75.128,0.408
Tisoki,Everybody Know Me,37,0.0081,0.76,0.98,0.604,B,0.356,-1.887,Minor,0.0736,150.033,0.622
Good Charlotte,The River,52,0.0068,0.439,0.945,0,C#,0.166,-2.21,Major,0.138,161.954,0.455
Ron Carter,Light Blue,46,0.977,0.434,0.0821,0.942,C,0.0784,-24.013,Major,0.0447,113.79,0.0383
Wilco,If I Ever Was a Child,49,0.494,0.682,0.547,0.626,G#,0.11,-11.816,Major,0.04,133.577,0.774
Cantoma,Cosmopole,32,0.373,0.768,0.514,0.897,E,0.0907,-12.371,Minor,0.12,90.99,0.428
Johann Sebastian Bach,"Partita for Violin Solo No.2 in D Minor, BWV 1004: 2. Courante (Arr. for Mandolin by Avi Avital)",28,0.972,0.493,0.278,0.868,D,0.122,-20.192,Minor,0.0563,98.325,0.935
Richard Strauss,Till Eulenspiegel einmal anders!,22,0.979,0.291,0.0922,0.385,F,0.155,-21.229,Major,0.0515,76.382,0.0937
Eleni Karaindrou,Je ne me consolerai jamais,35,0.974,0.158,0.0291,0.893,E,0.0989,-22.658,Minor,0.0481,84.435,0.0376
Hot Chip,Look At Where We Are,40,0.597,0.792,0.387,0.0001,G#,0.0757,-8.192,Minor,0.0464,136.996,0.67
Johann Sebastian Bach,"Erster Teil - Jauchzet, Frohlocket, Auf, Preiset Die Tage: Aria (Bass) - Großer Herr, O Starker König (Bach)",43,0.93,0.531,0.324,0.0644,C#,0.0625,-12.987,Major,0.0354,93.163,0.69
The Neighbourhood,Sweater Weather - Spotify Sessions Curated by Jim Eno,57,0.981,0.61,0.165,0.0005,G#,0.134,-14.659,Major,0.0502,102.68,0.258
Jimmy Durante,Real Piano Player - Remastered,3,0.82,0.591,0.539,0,C,0.634,-8.121,Major,0.515,120.427,0.679
The Prodigy,One Love (Edit) [Remastered],45,0.0553,0.617,0.95,0.49,C#,0.21,-6.999,Major,0.0441,147.976,0.108
Frédéric Chopin,"Chopin: Mazurka in A Minor, Op. 17 No. 4",35,0.995,0.34,0.0572,0.863,A,0.0754,-24.712,Minor,0.0436,69.904,0.0397
Jimmy Durante,Look Ahead Little Girl,37,0.836,0.387,0.395,0.0007,C#,0.127,-10.494,Major,0.0385,112.906,0.382
Pyotr Ilyich Tchaikovsky,The Sleeping Beaty: Bluebird Pas de Deux: Variation II,25,0.871,0.569,0.174,0.867,C,0.0906,-23.986,Major,0.0499,77.594,0.879
A Perfect Circle,Delicious,44,0.0001,0.316,0.833,0.0809,E,0.638,-2.748,Major,0.0703,148.114,0.186
Gramatik,Just Chillin',38,0.0719,0.772,0.884,0.892,C#,0.115,-5.554,Major,0.0844,94.279,0.249
White Zombie,More Human Than Human,56,0.0003,0.684,0.906,0.55,G#,0.103,-6.661,Minor,0.0775,101.46,0.555
André Laplante,Une Barque Sur L'océan from Miroirs,44,0.981,0.292,0.113,0.887,D,0.0871,-21.698,Major,0.0403,68.081,0.0308
Aim,Ain't Got Time to Waste,44,0.036,0.902,0.552,0.0125,A,0.0705,-7.958,Minor,0.16,100.911,0.426
24hrs,Fitness (feat. Wiz Khalifa),61,0.0243,0.633,0.579,0,C,0.0974,-8.988,Minor,0.203,159.915,0.327
Frank Ocean,Lost,67,0.0284,0.907,0.596,0.0002,A#,0.19,-4.957,Minor,0.236,123.045,0.492
Roy Ayers,Papa Was A Rolling Stone,38,0.281,0.617,0.613,0.843,C#,0.154,-10.826,Major,0.0363,128.441,0.773
Aphex Twin,Come To Daddy (Pappy Mix),41,0.0764,0.421,0.944,0.815,G#,0.119,-9.179,Major,0.302,162.179,0.222
Johann Sebastian Bach,"Sonata for Flute or Violin No.4 in C, BWV 1033: 1. Andante - Presto",33,0.969,0.406,0.124,0.88,C,0.0884,-21.23,Major,0.0624,75.655,0.6
Ludwig van Beethoven,"Symphony No. 7 in A Major, Op. 92: I. Poco sostenuto - Vivace",0,0.843,0.314,0.104,0.241,A,0.296,-20.155,Major,0.0391,102.541,0.0669
Oliver Tree,Cheapskate,57,0.56,0.428,0.511,0,F,0.22,-6.988,Minor,0.153,143.684,0.33
Carrie Underwood,Southbound,51,0.0012,0.614,0.884,0,C,0.077,-4.019,Major,0.0402,100.531,0.721
Sergei Prokofiev,"Romeo & Juliet: Act I, Scene XIII, Dance of the Knights",32,0.835,0.168,0.0388,0.0885,C,0.531,-26.174,Major,0.0387,80.688,0.177
AK420,Sunday Morning,33,0.348,0.706,0.664,0.902,G,0.134,-6.297,Major,0.0539,178.085,0.863
Bas,Tribe (with J. Cole),78,0.241,0.755,0.594,0,G,0.107,-5.906,Major,0.216,178.929,0.237
Antonio Vivaldi,"Concerto in G Major, Op. 4, No. 12: II. Largo",37,0.794,0.302,0.129,0.127,F#,0.133,-19.974,Major,0.047,107.635,0.0836
Little Texas,What Might Have Been,50,0.623,0.621,0.201,0,G,0.131,-15.112,Major,0.0296,130.627,0.146
Manuel de Falla,"La vida breve, Act II: Danza española No. 2",3,0.893,0.245,0.177,0.893,G,0.47,-21.362,Minor,0.0396,103.109,0.141
Raveena,Still Dreaming,54,0.474,0.746,0.318,0.0959,F#,0.113,-10.637,Major,0.0511,120.054,0.139
Ben Rector,Drive,58,0.0146,0.565,0.857,0,D,0.0606,-4.519,Major,0.0384,126.072,0.632
Wolfgang Amadeus Mozart,Eine kleine Nachtmusik: Andante,26,0.758,0.226,0.0566,0.0009,C,0.082,-21.481,Major,0.0493,64.265,0.236
Jean-Michel Jarre,"Equinoxe, Pt. 7",38,0.121,0.436,0.522,0.954,F,0.44,-11.91,Minor,0.0328,162.511,0.483
Bear Grillz,TOO LOUD,47,0.0014,0.778,0.992,0.677,C#,0.148,-1.204,Major,0.294,75.015,0.539
Johannes Brahms,"Violin Sonata No. 3 in D Minor, Op. 108: II. Adagio",33,0.958,0.103,0.0477,0.226,D,0.0914,-24.094,Major,0.0455,171.918,0.0389
Snarky Puppy,Tarova,48,0.0133,0.583,0.812,0.848,C,0.0458,-7.286,Major,0.0792,94.094,0.512
Johann Sebastian Bach,"St. Matthew Passion, BWV 244, Pt. 1: No. 20, Ich will bei meinem Jesu wachen - So schlafen unsre Sünden ein",0,0.979,0.253,0.0619,0.344,B,0.103,-25.359,Minor,0.0442,135.421,0.16
Sheck Wes,Do That,64,0.263,0.782,0.508,0.0706,A,0.157,-7.153,Major,0.231,137.954,0.356
JID,Mounted Up,58,0.0195,0.741,0.606,0.0003,G#,0.337,-7.833,Major,0.253,108.126,0.455
Pure Prairie League,Let Me Love You Tonight,41,0.451,0.526,0.467,0,A#,0.0809,-12.187,Major,0.0465,155.744,0.687
$uicideBoy$,Sunshine,56,0.0088,0.804,0.628,0.123,A#,0.079,-4.563,Major,0.0454,148.003,0.188
Jauz,Say Never,38,0.0009,0.75,0.635,0.363,D#,0.54,-6.277,Minor,0.0503,135.032,0.617
Seven Lions,The Sirens,39,0.0138,0.581,0.825,0.682,F#,0.097,-5.391,Minor,0.0401,108.777,0.0357
Fugazi,I'm So Tired,52,0.89,0.303,0.129,0.0078,F#,0.123,-15.069,Major,0.0301,84.167,0.155
James Tillman,Shangri La,42,0.522,0.432,0.499,0.306,D,0.114,-12.045,Minor,0.0328,85.508,0.524
J.J. Cale,City Girls,36,0.6,0.713,0.324,0.0563,E,0.242,-17.281,Major,0.033,118.712,0.826
The Weeknd,Professional,59,0.19,0.411,0.624,0.0002,B,0.0747,-8.85,Minor,0.0588,120.104,0.195
Faith Hill,Mississippi Girl - Remastered Version,38,0.115,0.484,0.767,0,A,0.054,-4.232,Major,0.0453,83.43,0.679
Wolfgang Amadeus Mozart,"Violin Concerto No. 3 in G major, K. 216: Violin Concerto No. 3 in G major, K. 216: I. Allegro",35,0.96,0.387,0.0727,0.002,C#,0.0801,-21.015,Major,0.0416,119.405,0.242
Natureboy Flako,Nebulous Garden,41,0.969,0.503,0.0461,0.713,A,0.11,-20.686,Minor,0.0347,62.445,0.363
Zeds Dead,Slow Down,36,0.25,0.551,0.705,0.0558,E,0.353,-8.051,Minor,0.0377,142.513,0.386
David Bowie,Ziggy Stardust - 2012 Remastered Version,64,0.048,0.44,0.565,0,G,0.213,-11.657,Major,0.121,161.124,0.495
Red,Let It Burn,56,0.0004,0.42,0.899,0.0002,B,0.23,-5.446,Minor,0.0745,132.016,0.193
George Benson,Give Me the Night,61,0.314,0.85,0.466,0.0234,C#,0.129,-15.673,Major,0.0555,109.936,0.86
Little Dragon,Constant Surprises,53,0.0319,0.68,0.613,0.236,C#,0.073,-5.959,Major,0.0612,58.099,0.623
Chris Young,Sober Saturday Night (feat. Vince Gill),58,0.049,0.477,0.672,0,C#,0.355,-5.234,Major,0.0306,139.864,0.263
Antonio Vivaldi,"Concerto for 2 Trumpets in C Major, RV 537 (Arr. by R. Leppard): I. Allegro",41,0.921,0.602,0.211,0.977,C,0.203,-18.456,Major,0.0456,106.837,0.528
Francis Poulenc,"Nocturne in Eb Major, FP. 56 No. 7",37,0.995,0.368,0.0496,0.956,F,0.152,-27.894,Minor,0.043,76.083,0.145
Sturgill Simpson,All Around You,47,0.123,0.312,0.562,0.173,A,0.136,-6.495,Major,0.0298,185.725,0.514
Evanescence,Weight Of The World,46,0.0009,0.266,0.949,0.0008,G#,0.131,-3.941,Major,0.132,140.145,0.39
Tony Bennett,Winter Wonderland,61,0.833,0.452,0.366,0,C,0.0789,-14.15,Minor,0.0415,115.006,0.629
We The Kings,"Check Yes, Juliet",69,0.002,0.352,0.912,0,G,0.193,-4.253,Major,0.0725,166.795,0.351
The Kooks,Always Where I Need To Be,58,0.0001,0.331,0.961,0,B,0.322,-4.627,Major,0.0663,168.355,0.882
Wishbone Ash,Blowin' Free,35,0.0021,0.425,0.521,0.0108,D,0.0981,-8.931,Major,0.0339,134.418,0.15
Sheck Wes,Kyrie,57,0.0335,0.687,0.701,0,F#,0.0851,-6.054,Major,0.244,159.915,0.372
YBN Cordae,Make Me Feel,56,0.475,0.759,0.636,0,A,0.26,-5.907,Major,0.225,99.829,0.32
DJ Shadow,Broken Levee Blues,31,0.86,0.737,0.405,0.0361,A,0.173,-10.536,Minor,0.0424,154.745,0.647
A Perfect Circle,The Doomed,60,0.0477,0.367,0.903,0.0012,E,0.235,-5.956,Minor,0.175,106.329,0.239
A Perfect Circle,The Doomed,60,0.0477,0.367,0.903,0.0012,E,0.235,-5.956,Minor,0.175,106.329,0.239
CalenRaps,Think About Me,54,0.32,0.693,0.627,0,F#,0.103,-6.325,Minor,0.377,130.665,0.579
Bassnectar,Sideways (feat. Zion I),37,0.0014,0.563,0.862,0.114,F#,0.544,-2.675,Major,0.131,176.132,0.235
Claude Debussy,Prelude to the Afternoon of a Faun,26,0.964,0.0832,0.0282,0.871,E,0.0651,-30.073,Major,0.0462,172.169,0.0317
$uicideBoy$,My Flaws Burn Through My Skin Like Demonic Flames from Hell,68,0.0047,0.777,0.737,0.0006,B,0.115,-7.461,Minor,0.036,125.992,0.0751
Casey Donahew,Country Song,51,0.0099,0.657,0.843,0,D,0.306,-3.003,Major,0.0349,118.02,0.743
MISSIO,West Coast,44,0.0954,0.341,0.612,0.0011,A,0.146,-8.035,Minor,0.0421,119.971,0.159
The Steel Woods,Let the Rain Come Down,51,0.14,0.644,0.616,0.0018,D,0.0745,-5.755,Minor,0.0325,147.083,0.345
Gorillaz,O Green World,52,0.002,0.672,0.768,0.905,C,0.136,-7.718,Major,0.0347,122.583,0.858
Kina,Get You The Moon (feat. Snøw),80,0.72,0.498,0.235,0,C#,0.144,-16.541,Minor,0.188,118.917,0.0895
LMFAO,Sorry For Party Rocking,51,0.0021,0.6,0.877,0,F,0.413,-4.351,Major,0.165,133.998,0.55
Tan Dun,Hero: Overture,29,0.767,0.237,0.353,0.894,A#,0.181,-18.144,Major,0.0484,120.175,0.311
Metric,Help I'm Alive,56,0.0081,0.565,0.877,0.0025,F,0.26,-4.561,Minor,0.0614,118.484,0.389
Waylon Jennings,The Wurlitzer Prize (I Don't Want to Get Over You),36,0.861,0.597,0.346,0.0031,G,0.13,-12.679,Major,0.0399,118.704,0.499
eli.,i’m sad,60,0.369,0.899,0.259,0.0741,F,0.103,-8.266,Major,0.0638,119.948,0.384
Glass Animals,Black Mambo,62,0.294,0.675,0.409,0.0006,C,0.119,-10.707,Minor,0.0423,79.954,0.308
Logan Mize,Used Up,39,0.0496,0.634,0.8,0,C#,0.166,-6.053,Major,0.0366,118.02,0.867
Smooky MarGielaa,"Stay ""100""",61,0.0565,0.838,0.482,0,F,0.193,-9.25,Minor,0.0917,130.037,0.67
Trio X of Sweden,Atonement,56,0.966,0.578,0.0801,0.539,G#,0.106,-20.314,Major,0.0501,105.706,0.0747
Mose Allison,The Seventh Son,33,0.915,0.642,0.408,0.188,C#,0.124,-14.493,Major,0.0346,150.475,0.962
Skillet,Forsaken,43,0.0002,0.351,0.944,0.0022,F,0.0678,-3.71,Major,0.12,187.736,0.428
Luke Bryan,Love In A College Town,39,0.0063,0.718,0.775,0.154,C,0.0815,-5.18,Major,0.0387,116.994,0.883
Ricky Remedy,Did It (feat. Sonny Digital),26,0.104,0.718,0.77,0,G,0.0963,-3.538,Minor,0.053,145.924,0.237
Frédéric Chopin,"Tarantelle in A Flat Major, Op. 43",26,0.99,0.344,0.218,0.852,G#,0.0983,-19.848,Major,0.0363,111.676,0.461
The Strokes,Threat of Joy,60,0.216,0.594,0.728,0.0881,C,0.124,-6.917,Major,0.0281,137.97,0.687
The Prodigy,Mescaline,43,0.0057,0.326,0.964,0.852,D,0.649,-5.797,Major,0.306,137.069,0.193
Little Big Town,Boondocks,62,0.211,0.41,0.78,0,A,0.48,-5.391,Major,0.0332,88.016,0.695
Jimi Hendrix,Room Full of Mirrors,36,0.0204,0.418,0.741,0.0319,D,0.261,-12.746,Major,0.0864,132.065,0.514
Martina McBride,I'm Gonna Love You Through It,49,0.317,0.432,0.657,0,F,0.0893,-5.12,Major,0.0304,142.528,0.259
Max Frost,White Lies,54,0.153,0.695,0.878,0,C#,0.0764,-3.429,Minor,0.0441,162.898,0.969
Whitney,Golden Days,57,0.0619,0.389,0.696,0.43,F,0.546,-5.251,Major,0.0402,153.245,0.65
Fernando Sor,"Voyons si c'est ca - 6 Pieces, Op. 45: No. 5. Andante",31,0.992,0.369,0.0519,0.92,A,0.104,-28.537,Major,0.0384,133.746,0.49
Bullet For My Valentine,All These Things I Hate (Revolve Around Me),52,0.0344,0.262,0.871,0,F#,0.28,-3.5,Minor,0.0709,93.999,0.503
Melendi,Destino o casualidad,72,0.524,0.557,0.525,0,D,0.113,-6.324,Major,0.149,153.247,0.362
The Black Angels,Telephone,29,0.0008,0.381,0.81,0.0456,D,0.495,-4.726,Major,0.042,151.129,0.66
Kacey Musgraves,It Is What It Is,54,0.787,0.596,0.28,0.0003,F,0.105,-9.192,Major,0.0287,126.98,0.26
Eric Clapton,Had to Cry Today - Live from Madison Square Garden,28,0.217,0.365,0.833,0.427,F,0.959,-5.644,Major,0.0437,167.218,0.705
Hollyn,isn't it harmless?,40,0.31,0.665,0.506,0,G,0.0902,-6.624,Minor,0.0536,119.956,0.148
Jason Aldean,Comin' In Hot,53,0.0569,0.65,0.838,0,A,0.146,-3.213,Major,0.0373,101.027,0.773
Jillian Jacqueline,Reasons (Recorded At Sound Stage Nashville),40,0.0126,0.6,0.436,0,B,0.166,-10.499,Major,0.0627,88.056,0.144
Howard Shore,The Caverns Of Isengard,35,0.906,0.122,0.289,0.922,A,0.142,-15.264,Minor,0.0441,80.986,0.0431
Young Thug,Tsunami,55,0.0015,0.826,0.457,0,C#,0.14,-10.324,Major,0.371,156.001,0.53
The Orb,Doughnuts Forever,36,0.192,0.752,0.392,0.52,A#,0.252,-12.309,Minor,0.0409,99.962,0.619
Giuseppe Verdi,"Falstaff, Act II Pt. 2: Presenteremo un bill (Live)",0,0.922,0.436,0.153,0,C,0.626,-25.469,Major,0.33,145.668,0.267
Smino,SPINZ,49,0.373,0.674,0.514,0,B,0.13,-8.205,Minor,0.387,67.673,0.233
Mike WiLL Made-It,"The Mantra - From ""Creed II: The Album""",65,0.268,0.703,0.706,0,A,0.171,-3.797,Minor,0.109,154.985,0.43
flor,back again,65,0.118,0.636,0.597,0.0028,G#,0.124,-6.884,Minor,0.0279,84.979,0.639
SVDDEN DEATH,Take Ya Head off Vip,28,0.0263,0.495,0.929,0.0097,B,0.485,-0.819,Major,0.395,140.028,0.184
Lucinda Williams,Car Wheels On A Gravel Road,54,0.0832,0.628,0.546,0,B,0.135,-6.923,Major,0.0265,98.882,0.643
Led Zeppelin,D'yer Mak'er,57,0.15,0.537,0.893,0.0003,A,0.0688,-10.234,Minor,0.0636,163.727,0.588
Queen,Now I'm Here - Remastered 2011,56,0.0319,0.485,0.759,0.0009,E,0.0979,-6.784,Major,0.0503,132.602,0.534
Washed Out,It All Feels Right,50,0.0003,0.316,0.748,0.0139,D,0.608,-8.187,Major,0.0413,79.337,0.256
A$AP Rocky,"Black Tux, White Collar",60,0.484,0.696,0.597,0,E,0.138,-7.676,Major,0.248,75.997,0.264
TobyMac,City On Our Knees,46,0.0809,0.507,0.77,0,C,0.214,-5.018,Major,0.0424,155.945,0.482
Missy Elliott,Work It,72,0.0778,0.884,0.677,0,C#,0.0732,-5.603,Major,0.283,101.868,0.584
Alex Clare,Too Close,56,0.0137,0.579,0.731,0,B,0.113,-4.16,Minor,0.0452,126.07,0.284
Anders Osborne,I'm Ready,20,0.476,0.501,0.444,0.0079,G,0.249,-6.765,Major,0.0293,139.766,0.257
Brad Paisley,Country Nation,49,0.0389,0.387,0.861,0.0005,E,0.1,-5.529,Major,0.0413,177.94,0.482
Arzachel,Queen St. Gang,34,0.0271,0.434,0.413,0.902,F,0.109,-13.963,Major,0.028,73.062,0.45
Suicide,Surrender,45,0.134,0.437,0.521,0.142,F#,0.104,-9.69,Minor,0.0275,74.916,0.278
Kai Wachi,DEMONS,43,0.0227,0.515,0.75,0.691,D#,0.127,-5.678,Minor,0.0884,150.048,0.0572
Stooki Sound,Uppers - QUIX Remix,25,0.0638,0.575,0.831,0.93,G#,0.556,-9.835,Major,0.45,129.982,0.288
Easton Corbin,Lovin' You Is Fun,56,0.32,0.703,0.83,0,G#,0.364,-3.028,Major,0.0327,109.958,0.597
Desmond Cheese,Boo Ha 'yeah Yeah Yeah Yeah Yeah',44,0.138,0.614,0.605,0.469,A,0.439,-8.898,Major,0.0402,77.994,0.155
Lil Uzi Vert,All My Chains,54,0.119,0.794,0.715,0,F#,0.0838,-5.531,Minor,0.122,138.028,0.327
Howard Shore,The Lighting Of The Beacons,45,0.787,0.14,0.257,0.909,A,0.0766,-15.666,Minor,0.0429,142.533,0.0365
Jason Aldean,Church Pew or Bar Stool,49,0.243,0.545,0.698,0,F,0.102,-4.272,Major,0.0308,72.449,0.407
Thundercat,Them Changes,63,0.551,0.784,0.55,0.0006,G#,0.0899,-8.645,Major,0.0632,81.676,0.715
BADBADNOTGOOD,Hedron,52,0.132,0.43,0.639,0.942,D#,0.196,-8.125,Minor,0.0401,151.437,0.171
Migos,T-Shirt,75,0.242,0.865,0.687,0,A#,0.158,-3.744,Minor,0.217,139.023,0.486
Kid Ink,Show Me (feat. Chris Brown),72,0.0354,0.711,0.508,0,G,0.141,-7.299,Major,0.0494,98.098,0.665
Tame Impala,Elephant,70,0.557,0.597,0.575,0.342,D,0.254,-6.665,Major,0.04,122.959,0.621
Thievery Corporation,Music to Make You Stagger,49,0.0323,0.71,0.674,0.625,E,0.349,-7.997,Minor,0.0412,152.037,0.585
Claudio Monteverdi,Sestina (Lagrime D'Amante Al Sepolcro Dell'Amata): III. Dara la notte il sol,35,0.986,0.263,0.106,0,A,0.19,-20.682,Minor,0.0463,81.217,0.0927
Eric Church,What I Almost Was,49,0.0117,0.545,0.866,0,A#,0.268,-6.798,Major,0.0472,112.073,0.584
Shoreline Mafia,Nun Major,75,0.0936,0.79,0.518,0,G#,0.357,-6.571,Major,0.212,97.986,0.487
Akira Ifukube,GODZILLA TITLE / [GODZILLA],28,0.995,0.628,0.411,0.888,C,0.118,-11.071,Major,0.104,152.437,0.982
DROELOE,Many Words - Flaws x DROELOE Remix,37,0.36,0.616,0.469,0.38,B,0.103,-11.315,Major,0.051,146.049,0.57
Casting Crowns,Oh My Soul,57,0.498,0.331,0.427,0,D#,0.108,-7.431,Major,0.0302,157.938,0.141
graves,Meta,46,0.192,0.574,0.723,0,F#,0.289,-6.048,Major,0.0346,149.041,0.352
Joachim Kühn,Love and Peace,55,0.967,0.445,0.216,0.914,G#,0.149,-14.707,Major,0.0503,109.969,0.237
Alexander Scriabin,"Piano Concerto In F Sharp Minor, Op.20: 2. Andante",35,0.972,0.15,0.0198,0.901,F#,0.0696,-32.989,Major,0.0458,73.768,0.051
Brothers Osborne,Pushing Up Daisies (Love Alive),56,0.152,0.606,0.633,0.0008,A,0.196,-7.19,Major,0.032,142.016,0.535
Offset,Tats On My Face,75,0.226,0.88,0.335,0,C#,0.107,-8.742,Major,0.297,140.061,0.213
Alexis y Fido,Una En Un Millón,64,0.359,0.865,0.705,0,E,0.128,-4.919,Minor,0.059,95.01,0.555
Aventura,Su Veneno,62,0.401,0.764,0.574,0,A,0.11,-9.475,Minor,0.042,123.928,0.931
Soundgarden,The Day I Tried To Live,61,0.0002,0.47,0.76,0.191,C,0.127,-6.063,Major,0.0597,133.308,0.301
Jordan Feliz,Witness,55,0.0265,0.55,0.81,0,D,0.127,-4.77,Minor,0.0486,91.954,0.411
Justin Timberlake,Pusher Love Girl,56,0.466,0.485,0.441,0.0009,C#,0.485,-8.248,Minor,0.0775,140.009,0.511
Tan Dun,The Eternal Vow,25,0.977,0.119,0.0531,0.959,D,0.298,-24.198,Minor,0.0432,86.626,0.108
KILLY,No Sad No Bad,72,0.0123,0.755,0.569,0,C#,0.103,-7.996,Major,0.05,75.068,0.435
Goodbye June,Secrets In The Sunset,54,0.115,0.568,0.916,0.0005,F#,0.0779,-5.327,Major,0.0943,129.981,0.52
Royal Tusk,Aftermath,43,0.0017,0.437,0.934,0,F#,0.317,-3.227,Minor,0.0915,144.135,0.431
Howard Shore,The Globe Newsroom,46,0.982,0.358,0.0181,0.957,G,0.0926,-30.088,Major,0.0449,105.836,0.0508
Moby,This Wild Darkness - Luttrell Remix,32,0.0004,0.743,0.836,0.917,D,0.0545,-8.414,Major,0.0462,122.012,0.172
Sugarland,Keep You,33,0.154,0.335,0.379,0.0008,G,0.0857,-7.392,Major,0.0326,151.813,0.203
BADBADNOTGOOD,Stark's Reality,40,0.0575,0.545,0.38,0.855,G#,0.0751,-14.346,Minor,0.0298,80.059,0.405
Pyotr Ilyich Tchaikovsky,"Symphony No. 5 in E Minor, Op. 64: IV. Andante maestoso – Allegro vivace",35,0.928,0.173,0.222,0.927,E,0.0962,-17.041,Minor,0.0381,86.068,0.154
Brian Culbertson,Desire,30,0.381,0.644,0.628,0.928,F,0.0984,-10.615,Minor,0.0382,130.045,0.0788
Lemon Jelly,Nice Weather for Ducks,42,0.021,0.573,0.969,0.927,G,0.119,-4.092,Major,0.0433,133.54,0.775
Rascal Flatts,To Make Her Love Me,37,0.284,0.466,0.562,0,G#,0.0973,-5.806,Major,0.0306,123.836,0.142
The Allman Brothers Band,Soulshine,56,0.283,0.494,0.503,0.01,A#,0.081,-7.576,Major,0.0274,136.655,0.556
YBN Cordae,Have Mercy,64,0.0332,0.782,0.406,0,C,0.473,-7.383,Minor,0.286,138.012,0.344
J. Roddy Walston & The Business,Burn Black,23,0.0408,0.497,0.794,0.342,E,0.114,-5.636,Major,0.0385,119.975,0.39
Blues Saraceno,The Wicked,41,0.302,0.286,0.546,0.262,G,0.103,-9.146,Minor,0.0321,140.226,0.182
Rick Braun,Missing In Venice,0,0.617,0.652,0.69,0.731,G,0.12,-8.627,Minor,0.0543,167.743,0.809
Jónsi,Boy 1904,49,0.982,0.183,0.245,0.974,G,0.417,-17.934,Major,0.039,123.139,0.0376
Gustavo Santaolalla,Riding Horses,39,0.958,0.462,0.0592,0.918,D,0.103,-23.432,Major,0.0505,114.155,0.0822
Craig Campbell,When Ends Don't Meet,49,0.138,0.44,0.555,0.0003,E,0.138,-7.501,Major,0.0288,77.729,0.35
SVDDEN DEATH,Gates Of Hell,35,0.0032,0.705,0.975,0.0003,A#,0.268,0.227,Minor,0.377,72.529,0.409
Anthrax,Indians,52,0.0009,0.379,0.941,0.0007,B,0.0393,-10.443,Minor,0.038,105.155,0.527
Giovanni Pierluigi da Palestrina,Sicut cervus,32,0.992,0.129,0.084,0.0929,G#,0.0727,-27.511,Major,0.0418,77.928,0.0608
Mac Miller,"O.K. (feat. Tyler, The Creator) [Bonus Track]",50,0.0579,0.815,0.741,0,C#,0.223,-6.862,Major,0.43,115.213,0.765
Jóhann Jóhannsson,Flight From The City,66,0.932,0.13,0.086,0.912,A#,0.108,-21.92,Major,0.0373,90.223,0.0375
Brad Mehldau Trio,Where Do You Start,53,0.96,0.411,0.0416,0.925,C#,0.064,-23.23,Major,0.0414,97.96,0.0782
Incubus,Wish You Were Here,65,0.0006,0.246,0.768,0.301,A,0.102,-7.48,Major,0.0387,169.873,0.35
Joey Trap,Miss Puff,51,0.0453,0.784,0.915,0,C#,0.247,-2.412,Major,0.0483,115.015,0.618
Danny Ocean,Epa Wei,80,0.233,0.688,0.82,0,F#,0.091,-4.715,Minor,0.155,107.833,0.804
Kenton Bryant,Following My Broken Heart,42,0.0303,0.509,0.645,0,G#,0.0899,-7.126,Major,0.025,74.96,0.451
Action Bronson,Bonzai/Terry - Recorded at Spotify Studios NYC,48,0.212,0.488,0.652,0,G#,0.13,-7.739,Minor,0.31,88.685,0.517
Jordan Comolli,Over You,29,0.0632,0.677,0.812,0.0369,A,0.231,-4.967,Major,0.221,159.951,0.119
Lynne Arriale Trio,Feeling good,35,0.474,0.382,0.251,0.938,G,0.0992,-18.87,Minor,0.0403,89.109,0.0885
Giacomo Puccini,"Manon Lescaut / Act 2: ""In quelle trine morbide""",45,0.987,0.181,0.114,0.0779,A#,0.1,-17.469,Minor,0.0501,168.13,0.0383
Wynton Marsalis,Layla,43,0.594,0.284,0.568,0.0002,D,0.975,-6.269,Minor,0.039,185.045,0.411
Nipsey Hussle,Loaded Bases (feat. CeeLo Green),51,0.132,0.358,0.835,0,B,0.708,-3.446,Major,0.256,168.174,0.439
Marty Robbins,Mr. Shorty,45,0.911,0.693,0.287,0,B,0.114,-12.02,Minor,0.0701,98.007,0.602
Funkadelic,Maggot Brain,56,0.777,0.3,0.353,0.478,E,0.406,-15.588,Minor,0.047,134.912,0.19
Allen Toussaint,Worldwide - Remastered Version,31,0.316,0.81,0.518,0.0429,A,0.0909,-9.946,Minor,0.0374,98.14,0.96
Jason Isbell and the 400 Unit,Hope the High Road,53,0.0302,0.45,0.802,0.0002,A,0.295,-8.15,Major,0.0318,90.794,0.748
Paul Gilbert,Fuzz Universe,34,0.0024,0.541,0.944,0.365,F#,0.353,-5.294,Minor,0.0491,132.012,0.452
Harold Budd,Late October - 2005 Digital Remaster,38,0.995,0.207,0.0077,0.966,C#,0.321,-32.85,Minor,0.0431,122.714,0.0456
Muse,Resistance,64,0.0616,0.467,0.774,0.289,A,0.108,-6.569,Minor,0.0485,135.006,0.0916
Limp Bizkit,N 2 Gether Now,65,0.127,0.775,0.728,0,F#,0.305,-7.77,Minor,0.325,102.531,0.625
Ludwig van Beethoven,Fur Elise,25,0.993,0.195,0.0776,0.897,A,0.0581,-29.205,Minor,0.0445,139.689,0.237
Say My Name,Ooh,49,0.0147,0.59,0.965,0.163,E,0.12,-1.787,Major,0.0548,148.167,0.386
Billy Currington,Let Me Down Easy,60,0.362,0.61,0.497,0,C#,0.107,-4.885,Major,0.027,125.029,0.163
6LACK,Sorry,59,0.725,0.423,0.43,0.0006,G#,0.132,-11.475,Major,0.231,84.273,0.324
Yeah Yeah Yeahs,Heads Will Roll - A-Trak Remix,57,0.0093,0.752,0.629,0.26,C#,0.0745,-3.913,Minor,0.0886,131.99,0.76
Kelsea Ballerini,I Hate Love Songs,64,0.252,0.386,0.446,0,B,0.18,-7.807,Major,0.0297,179.995,0.4
Kevin Gates,Satellites (feat. Wiz Khalifa) - HPG Remix,58,0.0542,0.669,0.9,0,A#,0.145,-3.53,Minor,0.178,140.06,0.653
NAV,Know Me,71,0.0193,0.925,0.591,0,C#,0.108,-5.663,Major,0.157,142.047,0.158
Newsboys,Greatness Of Our God,55,0.0006,0.481,0.804,0,F,0.0727,-4.176,Major,0.0418,102.052,0.237
Tedeschi Trucks Band,Hear Me,37,0.38,0.528,0.53,0.001,D,0.166,-10.172,Major,0.0284,77.525,0.59
Gerry Mulligan,Lullaby Of The Leaves - 1998 Digital Remaster,59,0.972,0.439,0.082,0.893,C,0.0913,-17.066,Major,0.0407,124.69,0.492
DREAMERS,Painkiller,59,0.003,0.583,0.926,0.001,C,0.121,-3.296,Major,0.0318,99.988,0.2
Bohuslav Martinů,"Cello Concerto No. 1, H. 196: III. Allegro",26,0.961,0.425,0.131,0.888,F,0.0929,-22.037,Major,0.0438,117.958,0.138
Bobaflex,Bury Me With My Guns,56,0.0003,0.595,0.878,0.0027,F,0.174,-4.341,Minor,0.0401,93.94,0.465
Joshua Redman,Jazz Crimes,35,0.244,0.774,0.564,0.826,G#,0.046,-11.872,Minor,0.0541,115.32,0.784
Derek & The Dominos,Key To The Highway - 40th Anniversary Version / 2010 Remastered,35,0.408,0.292,0.627,0.774,A,0.489,-6.971,Major,0.0381,84.089,0.626
Black Rebel Motorcycle Club,Love Burns,39,0.0762,0.504,0.852,0.0115,A,0.106,-5.095,Major,0.074,117.568,0.203
Lil Wayne,La La,48,0.162,0.782,0.556,0,E,0.53,-10.447,Minor,0.337,150.13,0.478
George Duke,Born to Love You,44,0.431,0.485,0.63,0,A,0.235,-8.841,Major,0.0325,137.335,0.39
Arcangelo Corelli,"Sonata in D Major, No. 1: I. Grave - Allegro",35,0.957,0.201,0.115,0.151,G#,0.108,-15.789,Major,0.0406,147.055,0.0393
Little Dragon,Butterflies,34,0.914,0.616,0.433,0.531,F#,0.081,-16.555,Minor,0.0363,105.915,0.118
Ulrich Schnauss,Nothing Happens In June,21,0.479,0.713,0.617,0.851,G,0.0931,-9.891,Major,0.0483,119.87,0.534
Yung Pinch,Nightmares (feat. Lil Skies),73,0.107,0.579,0.698,0,D,0.174,-5.701,Major,0.0827,165.071,0.302
Flying Lotus,Comet Course,31,0.0084,0.708,0.973,0.853,F#,0.0873,-4.365,Major,0.0645,112.03,0.622
Ray Charles,Greenbacks - 2016 Mono Remaster,33,0.581,0.711,0.286,0,D#,0.105,-12.688,Major,0.335,82.073,0.644
Shovels & Rope,C'mon Utah!,41,0.069,0.496,0.688,0,G,0.0735,-6.437,Major,0.0439,150.349,0.467
Rebirth Brass Band,I Feel Like Funkin' It Up - Extended Mix,37,0.206,0.622,0.601,0.0286,G#,0.0827,-12.551,Major,0.157,110.988,0.787
Joe Satriani,I Believe,35,0.469,0.578,0.544,0.0012,G,0.0869,-6.805,Major,0.0255,92.315,0.373
Julián Argüelles,Mra Khali,41,0.268,0.55,0.843,0.11,A#,0.157,-7.321,Major,0.0891,94.964,0.478
Montgomery Gentry,Needing A Beer,41,0.0282,0.61,0.774,0,G,0.111,-5.159,Major,0.0289,82.993,0.695
Vice,Make Up (feat. Ava Max) - MOTi Remix,62,0.0509,0.687,0.728,0,F#,0.216,-4.969,Minor,0.125,127.95,0.439
Borgore,Squad (feat. Dahn Farro),44,0.0008,0.916,0.924,0.0076,C#,0.203,-3.39,Major,0.138,126.014,0.361
Kill The Noise,Dying (feat. Ultraviolet Sound & Emily Hudson),27,0.0042,0.614,0.544,0.19,A#,0.0855,-7.063,Minor,0.0351,140.109,0.225
Dreezy,Love Someone (feat. Jacquees),52,0.048,0.735,0.473,0,C#,0.221,-9.547,Major,0.196,124.178,0.439
Curren$y,How High (feat. Lloyd),47,0.213,0.551,0.657,0,G#,0.235,-7.738,Minor,0.193,139.923,0.357
Joe Cocker,You Can Leave Your Hat On,50,0.118,0.65,0.535,0,F,0.187,-13.325,Major,0.0282,173.8,0.9
Gregory Porter,In Fashion,30,0.825,0.741,0.298,0.0007,D,0.0968,-9.561,Major,0.21,73.813,0.522
Aretha Franklin,It Ain't Fair,29,0.785,0.66,0.259,0.0807,G,0.0785,-14.258,Major,0.0432,129.039,0.446
P.O.D.,Youth of the Nation,71,0.0083,0.563,0.86,0.0106,G#,0.39,-7.533,Major,0.0621,97.867,0.517
Post Malone,Better Now,93,0.354,0.68,0.563,0,A#,0.136,-5.843,Major,0.0454,145.028,0.374
Mark Wills,Back At One,41,0.187,0.621,0.475,0,B,0.0609,-9.341,Major,0.0265,129.891,0.319
Sikdope,Lost in the Blue (BROHUG Remix) [feat. Nevve],42,0.0174,0.914,0.88,0.0088,F#,0.0335,-3.046,Minor,0.207,125.001,0.625
Ray Volpe,By Your Side,33,0.0007,0.501,0.935,0.0201,G#,0.0831,-5.566,Minor,0.157,144.922,0.188
Black Veil Brides,Knives and Pens,53,0.0003,0.421,0.978,0.0003,D,0.0636,-4.664,Minor,0.0636,186.093,0.457
The Flying Burrito Brothers,Hot Burrito #1,44,0.0071,0.402,0.424,0.0264,F,0.165,-12.779,Major,0.0289,156.864,0.41
